ISO-10303-21;
HEADER;
FILE_DESCRIPTION((''),'2;1');
FILE_NAME('BOX_BASE','2024-11-08T09:33:11',('d.digloria'),(''),
'CREO PARAMETRIC BY PTC INC, 2020053','CREO PARAMETRIC BY PTC INC, 2020053','');
FILE_SCHEMA(('CONFIG_CONTROL_DESIGN'));
ENDSEC;
DATA;
#2=DIRECTION('',(1.E0,0.E0,0.E0));
#3=VECTOR('',#2,1.E2);
#4=CARTESIAN_POINT('',(2.5E1,0.E0,0.E0));
#5=LINE('',#4,#3);
#6=CARTESIAN_POINT('',(1.25E2,0.E0,-2.5E1));
#7=DIRECTION('',(0.E0,1.E0,0.E0));
#8=DIRECTION('',(0.E0,0.E0,1.E0));
#9=AXIS2_PLACEMENT_3D('',#6,#7,#8);
#11=DIRECTION('',(0.E0,0.E0,-1.E0));
#12=VECTOR('',#11,8.E1);
#13=CARTESIAN_POINT('',(1.5E2,0.E0,-2.5E1));
#14=LINE('',#13,#12);
#15=DIRECTION('',(-1.E0,0.E0,0.E0));
#16=VECTOR('',#15,1.5E2);
#17=CARTESIAN_POINT('',(1.5E2,0.E0,-1.05E2));
#18=LINE('',#17,#16);
#19=DIRECTION('',(0.E0,0.E0,1.E0));
#20=VECTOR('',#19,8.E1);
#21=CARTESIAN_POINT('',(0.E0,0.E0,-1.05E2));
#22=LINE('',#21,#20);
#23=CARTESIAN_POINT('',(2.5E1,0.E0,-2.5E1));
#24=DIRECTION('',(0.E0,1.E0,0.E0));
#25=DIRECTION('',(-1.E0,0.E0,0.E0));
#26=AXIS2_PLACEMENT_3D('',#23,#24,#25);
#28=DIRECTION('',(0.E0,1.E0,0.E0));
#29=VECTOR('',#28,3.5E1);
#30=CARTESIAN_POINT('',(2.5E1,0.E0,0.E0));
#31=LINE('',#30,#29);
#32=CARTESIAN_POINT('',(7.5E1,1.75E1,0.E0));
#33=DIRECTION('',(0.E0,0.E0,1.E0));
#34=DIRECTION('',(1.E0,0.E0,0.E0));
#35=AXIS2_PLACEMENT_3D('',#32,#33,#34);
#37=CARTESIAN_POINT('',(7.5E1,1.75E1,0.E0));
#38=DIRECTION('',(0.E0,0.E0,1.E0));
#39=DIRECTION('',(-1.E0,0.E0,0.E0));
#40=AXIS2_PLACEMENT_3D('',#37,#38,#39);
#42=DIRECTION('',(0.E0,1.E0,0.E0));
#43=VECTOR('',#42,3.5E1);
#44=CARTESIAN_POINT('',(0.E0,0.E0,-2.5E1));
#45=LINE('',#44,#43);
#46=DIRECTION('',(0.E0,1.E0,0.E0));
#47=VECTOR('',#46,3.5E1);
#48=CARTESIAN_POINT('',(0.E0,0.E0,-1.05E2));
#49=LINE('',#48,#47);
#50=DIRECTION('',(0.E0,1.E0,0.E0));
#51=VECTOR('',#50,3.5E1);
#52=CARTESIAN_POINT('',(1.5E2,0.E0,-1.05E2));
#53=LINE('',#52,#51);
#54=DIRECTION('',(-1.E0,0.E0,0.E0));
#55=VECTOR('',#54,1.5E1);
#56=CARTESIAN_POINT('',(4.95E1,8.5E0,-1.05E2));
#57=LINE('',#56,#55);
#58=DIRECTION('',(0.E0,1.E0,0.E0));
#59=VECTOR('',#58,9.E0);
#60=CARTESIAN_POINT('',(3.45E1,8.5E0,-1.05E2));
#61=LINE('',#60,#59);
#62=DIRECTION('',(1.E0,0.E0,0.E0));
#63=VECTOR('',#62,1.5E1);
#64=CARTESIAN_POINT('',(3.45E1,1.75E1,-1.05E2));
#65=LINE('',#64,#63);
#66=DIRECTION('',(0.E0,-1.E0,0.E0));
#67=VECTOR('',#66,9.E0);
#68=CARTESIAN_POINT('',(4.95E1,1.75E1,-1.05E2));
#69=LINE('',#68,#67);
#70=CARTESIAN_POINT('',(6.325229990998E1,1.412784148482E1,-1.05E2));
#71=DIRECTION('',(0.E0,0.E0,-1.E0));
#72=DIRECTION('',(0.E0,1.E0,0.E0));
#73=AXIS2_PLACEMENT_3D('',#70,#71,#72);
#75=CARTESIAN_POINT('',(6.325229990998E1,1.412784148482E1,-1.05E2));
#76=DIRECTION('',(0.E0,0.E0,-1.E0));
#77=DIRECTION('',(0.E0,-1.E0,0.E0));
#78=AXIS2_PLACEMENT_3D('',#75,#76,#77);
#80=CARTESIAN_POINT('',(7.672181205801E1,1.412784148482E1,-1.05E2));
#81=DIRECTION('',(0.E0,0.E0,-1.E0));
#82=DIRECTION('',(0.E0,1.E0,0.E0));
#83=AXIS2_PLACEMENT_3D('',#80,#81,#82);
#85=CARTESIAN_POINT('',(7.672181205801E1,1.412784148482E1,-1.05E2));
#86=DIRECTION('',(0.E0,0.E0,-1.E0));
#87=DIRECTION('',(0.E0,-1.E0,0.E0));
#88=AXIS2_PLACEMENT_3D('',#85,#86,#87);
#90=CARTESIAN_POINT('',(1.189815887960E2,1.75E1,-1.05E2));
#91=DIRECTION('',(0.E0,0.E0,1.E0));
#92=DIRECTION('',(1.E0,0.E0,0.E0));
#93=AXIS2_PLACEMENT_3D('',#90,#91,#92);
#95=CARTESIAN_POINT('',(1.189815887960E2,1.75E1,-1.05E2));
#96=DIRECTION('',(0.E0,0.E0,1.E0));
#97=DIRECTION('',(-1.E0,0.E0,0.E0));
#98=AXIS2_PLACEMENT_3D('',#95,#96,#97);
#100=DIRECTION('',(0.E0,1.E0,0.E0));
#101=VECTOR('',#100,3.5E1);
#102=CARTESIAN_POINT('',(1.5E2,0.E0,-2.5E1));
#103=LINE('',#102,#101);
#104=DIRECTION('',(0.E0,1.E0,0.E0));
#105=VECTOR('',#104,3.5E1);
#106=CARTESIAN_POINT('',(1.25E2,0.E0,0.E0));
#107=LINE('',#106,#105);
#108=DIRECTION('',(1.E0,0.E0,0.E0));
#109=VECTOR('',#108,1.E2);
#110=CARTESIAN_POINT('',(2.5E1,3.5E1,0.E0));
#111=LINE('',#110,#109);
#112=CARTESIAN_POINT('',(2.5E1,3.5E1,-2.5E1));
#113=DIRECTION('',(0.E0,1.E0,0.E0));
#114=DIRECTION('',(-1.E0,0.E0,0.E0));
#115=AXIS2_PLACEMENT_3D('',#112,#113,#114);
#117=DIRECTION('',(0.E0,0.E0,1.E0));
#118=VECTOR('',#117,8.E1);
#119=CARTESIAN_POINT('',(0.E0,3.5E1,-1.05E2));
#120=LINE('',#119,#118);
#121=DIRECTION('',(-1.E0,0.E0,0.E0));
#122=VECTOR('',#121,1.5E2);
#123=CARTESIAN_POINT('',(1.5E2,3.5E1,-1.05E2));
#124=LINE('',#123,#122);
#125=DIRECTION('',(0.E0,0.E0,-1.E0));
#126=VECTOR('',#125,8.E1);
#127=CARTESIAN_POINT('',(1.5E2,3.5E1,-2.5E1));
#128=LINE('',#127,#126);
#129=CARTESIAN_POINT('',(1.25E2,3.5E1,-2.5E1));
#130=DIRECTION('',(0.E0,1.E0,0.E0));
#131=DIRECTION('',(0.E0,0.E0,1.E0));
#132=AXIS2_PLACEMENT_3D('',#129,#130,#131);
#134=DIRECTION('',(1.E0,0.E0,0.E0));
#135=VECTOR('',#134,1.E2);
#136=CARTESIAN_POINT('',(2.5E1,3.5E1,-3.E0));
#137=LINE('',#136,#135);
#138=CARTESIAN_POINT('',(1.25E2,3.5E1,-2.5E1));
#139=DIRECTION('',(0.E0,1.E0,0.E0));
#140=DIRECTION('',(0.E0,0.E0,1.E0));
#141=AXIS2_PLACEMENT_3D('',#138,#139,#140);
#143=DIRECTION('',(0.E0,0.E0,-1.E0));
#144=VECTOR('',#143,7.7E1);
#145=CARTESIAN_POINT('',(1.47E2,3.5E1,-2.5E1));
#146=LINE('',#145,#144);
#147=DIRECTION('',(-1.E0,0.E0,0.E0));
#148=VECTOR('',#147,1.44E2);
#149=CARTESIAN_POINT('',(1.47E2,3.5E1,-1.02E2));
#150=LINE('',#149,#148);
#151=DIRECTION('',(0.E0,0.E0,1.E0));
#152=VECTOR('',#151,7.7E1);
#153=CARTESIAN_POINT('',(3.E0,3.5E1,-1.02E2));
#154=LINE('',#153,#152);
#155=CARTESIAN_POINT('',(2.5E1,3.5E1,-2.5E1));
#156=DIRECTION('',(0.E0,1.E0,0.E0));
#157=DIRECTION('',(-1.E0,0.E0,0.E0));
#158=AXIS2_PLACEMENT_3D('',#155,#156,#157);
#160=CARTESIAN_POINT('',(7.5E1,1.75E1,-3.E0));
#161=DIRECTION('',(0.E0,0.E0,1.E0));
#162=DIRECTION('',(1.E0,0.E0,0.E0));
#163=AXIS2_PLACEMENT_3D('',#160,#161,#162);
#165=CARTESIAN_POINT('',(7.5E1,1.75E1,-3.E0));
#166=DIRECTION('',(0.E0,0.E0,1.E0));
#167=DIRECTION('',(-1.E0,0.E0,0.E0));
#168=AXIS2_PLACEMENT_3D('',#165,#166,#167);
#170=DIRECTION('',(0.E0,1.E0,0.E0));
#171=VECTOR('',#170,3.E1);
#172=CARTESIAN_POINT('',(1.108734177610E2,3.E0,-3.E0));
#173=LINE('',#172,#171);
#174=DIRECTION('',(1.E0,0.E0,0.E0));
#175=VECTOR('',#174,1.412658223900E1);
#176=CARTESIAN_POINT('',(1.108734177610E2,3.3E1,-3.E0));
#177=LINE('',#176,#175);
#178=DIRECTION('',(0.E0,1.E0,0.E0));
#179=VECTOR('',#178,2.E0);
#180=CARTESIAN_POINT('',(2.5E1,3.3E1,-3.E0));
#181=LINE('',#180,#179);
#182=DIRECTION('',(1.E0,0.E0,0.E0));
#183=VECTOR('',#182,1.412658223900E1);
#184=CARTESIAN_POINT('',(2.5E1,3.3E1,-3.E0));
#185=LINE('',#184,#183);
#186=DIRECTION('',(0.E0,1.E0,0.E0));
#187=VECTOR('',#186,3.E1);
#188=CARTESIAN_POINT('',(3.912658223900E1,3.E0,-3.E0));
#189=LINE('',#188,#187);
#190=DIRECTION('',(-1.E0,0.E0,0.E0));
#191=VECTOR('',#190,3.3E0);
#192=CARTESIAN_POINT('',(6.33E1,3.3E1,-3.E0));
#193=LINE('',#192,#191);
#194=DIRECTION('',(0.E0,1.E0,0.E0));
#195=VECTOR('',#194,2.6E1);
#196=CARTESIAN_POINT('',(6.33E1,7.E0,-3.E0));
#197=LINE('',#196,#195);
#198=DIRECTION('',(-1.E0,0.E0,0.E0));
#199=VECTOR('',#198,2.34E1);
#200=CARTESIAN_POINT('',(8.67E1,7.E0,-3.E0));
#201=LINE('',#200,#199);
#202=DIRECTION('',(0.E0,1.E0,0.E0));
#203=VECTOR('',#202,2.6E1);
#204=CARTESIAN_POINT('',(8.67E1,7.E0,-3.E0));
#205=LINE('',#204,#203);
#206=DIRECTION('',(-1.E0,0.E0,0.E0));
#207=VECTOR('',#206,3.3E0);
#208=CARTESIAN_POINT('',(9.E1,3.3E1,-3.E0));
#209=LINE('',#208,#207);
#210=DIRECTION('',(0.E0,0.E0,-1.E0));
#211=VECTOR('',#210,3.E0);
#212=CARTESIAN_POINT('',(8.05E1,1.75E1,0.E0));
#213=LINE('',#212,#211);
#214=DIRECTION('',(0.E0,0.E0,-1.E0));
#215=VECTOR('',#214,3.E0);
#216=CARTESIAN_POINT('',(6.95E1,1.75E1,0.E0));
#217=LINE('',#216,#215);
#218=DIRECTION('',(0.E0,1.E0,0.E0));
#219=VECTOR('',#218,3.E1);
#220=CARTESIAN_POINT('',(9.E1,3.E0,-3.E0));
#221=LINE('',#220,#219);
#222=DIRECTION('',(0.E0,0.E0,1.E0));
#223=VECTOR('',#222,3.2E0);
#224=CARTESIAN_POINT('',(8.67E1,3.3E1,-6.2E0));
#225=LINE('',#224,#223);
#226=DIRECTION('',(1.E0,0.E0,0.E0));
#227=VECTOR('',#226,1.7E0);
#228=CARTESIAN_POINT('',(8.5E1,3.3E1,-6.2E0));
#229=LINE('',#228,#227);
#230=DIRECTION('',(0.E0,0.E0,1.E0));
#231=VECTOR('',#230,8.8E0);
#232=CARTESIAN_POINT('',(8.5E1,3.3E1,-1.5E1));
#233=LINE('',#232,#231);
#234=DIRECTION('',(-1.E0,0.E0,0.E0));
#235=VECTOR('',#234,5.E0);
#236=CARTESIAN_POINT('',(9.E1,3.3E1,-1.5E1));
#237=LINE('',#236,#235);
#238=DIRECTION('',(0.E0,0.E0,-1.E0));
#239=VECTOR('',#238,1.2E1);
#240=CARTESIAN_POINT('',(9.E1,3.3E1,-3.E0));
#241=LINE('',#240,#239);
#242=DIRECTION('',(0.E0,0.E0,1.E0));
#243=VECTOR('',#242,1.2E1);
#244=CARTESIAN_POINT('',(6.E1,3.3E1,-1.5E1));
#245=LINE('',#244,#243);
#246=DIRECTION('',(-1.E0,0.E0,0.E0));
#247=VECTOR('',#246,5.E0);
#248=CARTESIAN_POINT('',(6.5E1,3.3E1,-1.5E1));
#249=LINE('',#248,#247);
#250=DIRECTION('',(0.E0,0.E0,-1.E0));
#251=VECTOR('',#250,8.8E0);
#252=CARTESIAN_POINT('',(6.5E1,3.3E1,-6.2E0));
#253=LINE('',#252,#251);
#254=DIRECTION('',(1.E0,0.E0,0.E0));
#255=VECTOR('',#254,1.7E0);
#256=CARTESIAN_POINT('',(6.33E1,3.3E1,-6.2E0));
#257=LINE('',#256,#255);
#258=DIRECTION('',(0.E0,0.E0,-1.E0));
#259=VECTOR('',#258,3.2E0);
#260=CARTESIAN_POINT('',(6.33E1,3.3E1,-3.E0));
#261=LINE('',#260,#259);
#262=DIRECTION('',(0.E0,1.E0,0.E0));
#263=VECTOR('',#262,2.6E1);
#264=CARTESIAN_POINT('',(8.67E1,7.E0,-6.2E0));
#265=LINE('',#264,#263);
#266=DIRECTION('',(-1.E0,0.E0,0.E0));
#267=VECTOR('',#266,5.E0);
#268=CARTESIAN_POINT('',(9.E1,7.E0,-1.5E1));
#269=LINE('',#268,#267);
#270=DIRECTION('',(0.E0,0.E0,1.E0));
#271=VECTOR('',#270,8.8E0);
#272=CARTESIAN_POINT('',(8.5E1,7.E0,-1.5E1));
#273=LINE('',#272,#271);
#274=DIRECTION('',(1.E0,0.E0,0.E0));
#275=VECTOR('',#274,1.7E0);
#276=CARTESIAN_POINT('',(8.5E1,7.E0,-6.2E0));
#277=LINE('',#276,#275);
#278=DIRECTION('',(0.E0,0.E0,-1.E0));
#279=VECTOR('',#278,3.2E0);
#280=CARTESIAN_POINT('',(8.67E1,7.E0,-3.E0));
#281=LINE('',#280,#279);
#282=DIRECTION('',(0.E0,0.E0,-1.E0));
#283=VECTOR('',#282,3.2E0);
#284=CARTESIAN_POINT('',(6.33E1,7.E0,-3.E0));
#285=LINE('',#284,#283);
#286=DIRECTION('',(1.E0,0.E0,0.E0));
#287=VECTOR('',#286,1.7E0);
#288=CARTESIAN_POINT('',(6.33E1,7.E0,-6.2E0));
#289=LINE('',#288,#287);
#290=DIRECTION('',(0.E0,0.E0,-1.E0));
#291=VECTOR('',#290,8.8E0);
#292=CARTESIAN_POINT('',(6.5E1,7.E0,-6.2E0));
#293=LINE('',#292,#291);
#294=DIRECTION('',(1.E0,0.E0,0.E0));
#295=VECTOR('',#294,5.E0);
#296=CARTESIAN_POINT('',(6.E1,7.E0,-1.5E1));
#297=LINE('',#296,#295);
#298=DIRECTION('',(0.E0,0.E0,1.E0));
#299=VECTOR('',#298,3.E0);
#300=CARTESIAN_POINT('',(6.E1,7.E0,-1.8E1));
#301=LINE('',#300,#299);
#302=DIRECTION('',(-1.E0,0.E0,0.E0));
#303=VECTOR('',#302,3.E1);
#304=CARTESIAN_POINT('',(9.E1,7.E0,-1.8E1));
#305=LINE('',#304,#303);
#306=DIRECTION('',(0.E0,0.E0,-1.E0));
#307=VECTOR('',#306,3.E0);
#308=CARTESIAN_POINT('',(9.E1,7.E0,-1.5E1));
#309=LINE('',#308,#307);
#310=DIRECTION('',(0.E0,1.E0,0.E0));
#311=VECTOR('',#310,2.6E1);
#312=CARTESIAN_POINT('',(9.E1,7.E0,-1.5E1));
#313=LINE('',#312,#311);
#314=DIRECTION('',(0.E0,1.E0,0.E0));
#315=VECTOR('',#314,2.6E1);
#316=CARTESIAN_POINT('',(8.5E1,7.E0,-1.5E1));
#317=LINE('',#316,#315);
#318=DIRECTION('',(0.E0,1.E0,0.E0));
#319=VECTOR('',#318,2.6E1);
#320=CARTESIAN_POINT('',(8.5E1,7.E0,-6.2E0));
#321=LINE('',#320,#319);
#322=DIRECTION('',(0.E0,1.E0,0.E0));
#323=VECTOR('',#322,2.6E1);
#324=CARTESIAN_POINT('',(6.33E1,7.E0,-6.2E0));
#325=LINE('',#324,#323);
#326=DIRECTION('',(0.E0,1.E0,0.E0));
#327=VECTOR('',#326,2.6E1);
#328=CARTESIAN_POINT('',(6.5E1,7.E0,-6.2E0));
#329=LINE('',#328,#327);
#330=DIRECTION('',(0.E0,1.E0,0.E0));
#331=VECTOR('',#330,2.6E1);
#332=CARTESIAN_POINT('',(6.5E1,7.E0,-1.5E1));
#333=LINE('',#332,#331);
#334=DIRECTION('',(0.E0,1.E0,0.E0));
#335=VECTOR('',#334,2.6E1);
#336=CARTESIAN_POINT('',(6.E1,7.E0,-1.5E1));
#337=LINE('',#336,#335);
#338=DIRECTION('',(0.E0,-1.E0,0.E0));
#339=VECTOR('',#338,3.E1);
#340=CARTESIAN_POINT('',(6.E1,3.3E1,-3.E0));
#341=LINE('',#340,#339);
#342=DIRECTION('',(0.E0,1.E0,0.E0));
#343=VECTOR('',#342,4.E0);
#344=CARTESIAN_POINT('',(6.E1,3.E0,-1.8E1));
#345=LINE('',#344,#343);
#346=DIRECTION('',(1.E0,0.E0,0.E0));
#347=VECTOR('',#346,1.8E1);
#348=CARTESIAN_POINT('',(3.E0,3.E0,-7.663150561475E1));
#349=LINE('',#348,#347);
#350=DIRECTION('',(0.E0,0.E0,1.E0));
#351=VECTOR('',#350,4.913150561475E1);
#352=CARTESIAN_POINT('',(2.1E1,3.E0,-7.663150561475E1));
#353=LINE('',#352,#351);
#354=DIRECTION('',(1.E0,0.E0,0.E0));
#355=VECTOR('',#354,1.8E1);
#356=CARTESIAN_POINT('',(3.E0,3.E0,-2.75E1));
#357=LINE('',#356,#355);
#358=DIRECTION('',(0.E0,0.E0,1.E0));
#359=VECTOR('',#358,4.913150561475E1);
#360=CARTESIAN_POINT('',(3.E0,3.E0,-7.663150561475E1));
#361=LINE('',#360,#359);
#362=DIRECTION('',(-1.E0,0.E0,0.E0));
#363=VECTOR('',#362,1.8E1);
#364=CARTESIAN_POINT('',(1.47E2,3.E0,-2.75E1));
#365=LINE('',#364,#363);
#366=DIRECTION('',(0.E0,0.E0,-1.E0));
#367=VECTOR('',#366,4.913150561475E1);
#368=CARTESIAN_POINT('',(1.29E2,3.E0,-2.75E1));
#369=LINE('',#368,#367);
#370=DIRECTION('',(-1.E0,0.E0,0.E0));
#371=VECTOR('',#370,1.8E1);
#372=CARTESIAN_POINT('',(1.47E2,3.E0,-7.663150561475E1));
#373=LINE('',#372,#371);
#374=DIRECTION('',(0.E0,0.E0,-1.E0));
#375=VECTOR('',#374,4.913150561475E1);
#376=CARTESIAN_POINT('',(1.47E2,3.E0,-2.75E1));
#377=LINE('',#376,#375);
#378=CARTESIAN_POINT('',(5.5E0,3.E0,-9.95E1));
#379=DIRECTION('',(0.E0,1.E0,0.E0));
#380=DIRECTION('',(0.E0,0.E0,1.E0));
#381=AXIS2_PLACEMENT_3D('',#378,#379,#380);
#383=CARTESIAN_POINT('',(5.5E0,3.E0,-9.95E1));
#384=DIRECTION('',(0.E0,1.E0,0.E0));
#385=DIRECTION('',(0.E0,0.E0,-1.E0));
#386=AXIS2_PLACEMENT_3D('',#383,#384,#385);
#388=CARTESIAN_POINT('',(1.445E2,3.E0,-9.95E1));
#389=DIRECTION('',(0.E0,1.E0,0.E0));
#390=DIRECTION('',(0.E0,0.E0,1.E0));
#391=AXIS2_PLACEMENT_3D('',#388,#389,#390);
#393=CARTESIAN_POINT('',(1.445E2,3.E0,-9.95E1));
#394=DIRECTION('',(0.E0,1.E0,0.E0));
#395=DIRECTION('',(0.E0,0.E0,-1.E0));
#396=AXIS2_PLACEMENT_3D('',#393,#394,#395);
#398=CARTESIAN_POINT('',(3.200653088903E1,3.E0,-5.427045569526E0));
#399=DIRECTION('',(0.E0,1.E0,0.E0));
#400=DIRECTION('',(0.E0,0.E0,1.E0));
#401=AXIS2_PLACEMENT_3D('',#398,#399,#400);
#403=CARTESIAN_POINT('',(3.200653088903E1,3.E0,-5.427045569526E0));
#404=DIRECTION('',(0.E0,1.E0,0.E0));
#405=DIRECTION('',(0.E0,0.E0,-1.E0));
#406=AXIS2_PLACEMENT_3D('',#403,#404,#405);
#408=CARTESIAN_POINT('',(1.179934691110E2,3.E0,-5.427045569526E0));
#409=DIRECTION('',(0.E0,1.E0,0.E0));
#410=DIRECTION('',(0.E0,0.E0,1.E0));
#411=AXIS2_PLACEMENT_3D('',#408,#409,#410);
#413=CARTESIAN_POINT('',(1.179934691110E2,3.E0,-5.427045569526E0));
#414=DIRECTION('',(0.E0,1.E0,0.E0));
#415=DIRECTION('',(0.E0,0.E0,-1.E0));
#416=AXIS2_PLACEMENT_3D('',#413,#414,#415);
#418=CARTESIAN_POINT('',(2.8E1,3.E0,-9.1E1));
#419=DIRECTION('',(0.E0,1.E0,0.E0));
#420=DIRECTION('',(1.E0,0.E0,0.E0));
#421=AXIS2_PLACEMENT_3D('',#418,#419,#420);
#423=CARTESIAN_POINT('',(2.8E1,3.E0,-9.1E1));
#424=DIRECTION('',(0.E0,1.E0,0.E0));
#425=DIRECTION('',(-1.E0,0.E0,0.E0));
#426=AXIS2_PLACEMENT_3D('',#423,#424,#425);
#428=CARTESIAN_POINT('',(2.8E1,3.E0,-9.1E1));
#429=DIRECTION('',(0.E0,1.E0,0.E0));
#430=DIRECTION('',(-1.E0,0.E0,0.E0));
#431=AXIS2_PLACEMENT_3D('',#428,#429,#430);
#433=CARTESIAN_POINT('',(2.8E1,3.E0,-9.1E1));
#434=DIRECTION('',(0.E0,1.E0,0.E0));
#435=DIRECTION('',(1.E0,0.E0,0.E0));
#436=AXIS2_PLACEMENT_3D('',#433,#434,#435);
#438=CARTESIAN_POINT('',(1.21E2,3.E0,-9.1E1));
#439=DIRECTION('',(0.E0,1.E0,0.E0));
#440=DIRECTION('',(1.E0,0.E0,0.E0));
#441=AXIS2_PLACEMENT_3D('',#438,#439,#440);
#443=CARTESIAN_POINT('',(1.21E2,3.E0,-9.1E1));
#444=DIRECTION('',(0.E0,1.E0,0.E0));
#445=DIRECTION('',(-1.E0,0.E0,0.E0));
#446=AXIS2_PLACEMENT_3D('',#443,#444,#445);
#448=CARTESIAN_POINT('',(1.21E2,3.E0,-9.1E1));
#449=DIRECTION('',(0.E0,1.E0,0.E0));
#450=DIRECTION('',(-1.E0,0.E0,0.E0));
#451=AXIS2_PLACEMENT_3D('',#448,#449,#450);
#453=CARTESIAN_POINT('',(1.21E2,3.E0,-9.1E1));
#454=DIRECTION('',(0.E0,1.E0,0.E0));
#455=DIRECTION('',(1.E0,0.E0,0.E0));
#456=AXIS2_PLACEMENT_3D('',#453,#454,#455);
#458=CARTESIAN_POINT('',(2.8E1,3.E0,-3.3E1));
#459=DIRECTION('',(0.E0,1.E0,0.E0));
#460=DIRECTION('',(1.E0,0.E0,0.E0));
#461=AXIS2_PLACEMENT_3D('',#458,#459,#460);
#463=CARTESIAN_POINT('',(2.8E1,3.E0,-3.3E1));
#464=DIRECTION('',(0.E0,1.E0,0.E0));
#465=DIRECTION('',(-1.E0,0.E0,0.E0));
#466=AXIS2_PLACEMENT_3D('',#463,#464,#465);
#468=CARTESIAN_POINT('',(2.8E1,3.E0,-3.3E1));
#469=DIRECTION('',(0.E0,1.E0,0.E0));
#470=DIRECTION('',(-1.E0,0.E0,0.E0));
#471=AXIS2_PLACEMENT_3D('',#468,#469,#470);
#473=CARTESIAN_POINT('',(2.8E1,3.E0,-3.3E1));
#474=DIRECTION('',(0.E0,1.E0,0.E0));
#475=DIRECTION('',(1.E0,0.E0,0.E0));
#476=AXIS2_PLACEMENT_3D('',#473,#474,#475);
#478=CARTESIAN_POINT('',(1.21E2,3.E0,-3.3E1));
#479=DIRECTION('',(0.E0,1.E0,0.E0));
#480=DIRECTION('',(1.E0,0.E0,0.E0));
#481=AXIS2_PLACEMENT_3D('',#478,#479,#480);
#483=CARTESIAN_POINT('',(1.21E2,3.E0,-3.3E1));
#484=DIRECTION('',(0.E0,1.E0,0.E0));
#485=DIRECTION('',(-1.E0,0.E0,0.E0));
#486=AXIS2_PLACEMENT_3D('',#483,#484,#485);
#488=CARTESIAN_POINT('',(1.21E2,3.E0,-3.3E1));
#489=DIRECTION('',(0.E0,1.E0,0.E0));
#490=DIRECTION('',(-1.E0,0.E0,0.E0));
#491=AXIS2_PLACEMENT_3D('',#488,#489,#490);
#493=CARTESIAN_POINT('',(1.21E2,3.E0,-3.3E1));
#494=DIRECTION('',(0.E0,1.E0,0.E0));
#495=DIRECTION('',(1.E0,0.E0,0.E0));
#496=AXIS2_PLACEMENT_3D('',#493,#494,#495);
#498=DIRECTION('',(0.E0,0.E0,-1.E0));
#499=VECTOR('',#498,1.5E1);
#500=CARTESIAN_POINT('',(9.E1,3.E0,-3.E0));
#501=LINE('',#500,#499);
#502=DIRECTION('',(-1.E0,0.E0,0.E0));
#503=VECTOR('',#502,3.E1);
#504=CARTESIAN_POINT('',(9.E1,3.E0,-1.8E1));
#505=LINE('',#504,#503);
#506=DIRECTION('',(0.E0,0.E0,-1.E0));
#507=VECTOR('',#506,1.5E1);
#508=CARTESIAN_POINT('',(6.E1,3.E0,-3.E0));
#509=LINE('',#508,#507);
#510=DIRECTION('',(1.E0,0.E0,0.E0));
#511=VECTOR('',#510,2.087341776100E1);
#512=CARTESIAN_POINT('',(3.912658223900E1,3.E0,-3.E0));
#513=LINE('',#512,#511);
#514=DIRECTION('',(0.E0,0.E0,-1.E0));
#515=VECTOR('',#514,5.E0);
#516=CARTESIAN_POINT('',(3.912658223900E1,3.E0,-3.E0));
#517=LINE('',#516,#515);
#518=DIRECTION('',(-1.E0,0.E0,0.E0));
#519=VECTOR('',#518,1.412658223900E1);
#520=CARTESIAN_POINT('',(3.912658223900E1,3.E0,-8.E0));
#521=LINE('',#520,#519);
#522=DIRECTION('',(0.E0,0.E0,-1.E0));
#523=VECTOR('',#522,5.E0);
#524=CARTESIAN_POINT('',(2.5E1,3.E0,-3.E0));
#525=LINE('',#524,#523);
#526=CARTESIAN_POINT('',(2.5E1,3.E0,-2.5E1));
#527=DIRECTION('',(0.E0,1.E0,0.E0));
#528=DIRECTION('',(-1.E0,0.E0,0.E0));
#529=AXIS2_PLACEMENT_3D('',#526,#527,#528);
#531=DIRECTION('',(0.E0,0.E0,1.E0));
#532=VECTOR('',#531,5.E-1);
#533=CARTESIAN_POINT('',(3.E0,3.E0,-2.55E1));
#534=LINE('',#533,#532);
#535=DIRECTION('',(1.E0,0.E0,0.E0));
#536=VECTOR('',#535,2.E1);
#537=CARTESIAN_POINT('',(3.E0,3.E0,-2.55E1));
#538=LINE('',#537,#536);
#539=DIRECTION('',(0.E0,0.E0,-1.E0));
#540=VECTOR('',#539,5.313150561475E1);
#541=CARTESIAN_POINT('',(2.3E1,3.E0,-2.55E1));
#542=LINE('',#541,#540);
#543=DIRECTION('',(1.E0,0.E0,0.E0));
#544=VECTOR('',#543,2.E1);
#545=CARTESIAN_POINT('',(3.E0,3.E0,-7.863150561475E1));
#546=LINE('',#545,#544);
#547=DIRECTION('',(0.E0,0.E0,1.E0));
#548=VECTOR('',#547,1.836849438525E1);
#549=CARTESIAN_POINT('',(3.E0,3.E0,-9.7E1));
#550=LINE('',#549,#548);
#551=DIRECTION('',(1.E0,0.E0,0.E0));
#552=VECTOR('',#551,5.E0);
#553=CARTESIAN_POINT('',(3.E0,3.E0,-9.7E1));
#554=LINE('',#553,#552);
#555=DIRECTION('',(0.E0,0.E0,1.E0));
#556=VECTOR('',#555,5.E0);
#557=CARTESIAN_POINT('',(8.E0,3.E0,-1.02E2));
#558=LINE('',#557,#556);
#559=DIRECTION('',(-1.E0,0.E0,0.E0));
#560=VECTOR('',#559,1.34E2);
#561=CARTESIAN_POINT('',(1.42E2,3.E0,-1.02E2));
#562=LINE('',#561,#560);
#563=DIRECTION('',(0.E0,0.E0,1.E0));
#564=VECTOR('',#563,5.E0);
#565=CARTESIAN_POINT('',(1.42E2,3.E0,-1.02E2));
#566=LINE('',#565,#564);
#567=DIRECTION('',(-1.E0,0.E0,0.E0));
#568=VECTOR('',#567,5.E0);
#569=CARTESIAN_POINT('',(1.47E2,3.E0,-9.7E1));
#570=LINE('',#569,#568);
#571=DIRECTION('',(0.E0,0.E0,-1.E0));
#572=VECTOR('',#571,1.836849438525E1);
#573=CARTESIAN_POINT('',(1.47E2,3.E0,-7.863150561475E1));
#574=LINE('',#573,#572);
#575=DIRECTION('',(-1.E0,0.E0,0.E0));
#576=VECTOR('',#575,2.E1);
#577=CARTESIAN_POINT('',(1.47E2,3.E0,-7.863150561475E1));
#578=LINE('',#577,#576);
#579=DIRECTION('',(0.E0,0.E0,1.E0));
#580=VECTOR('',#579,5.313150561475E1);
#581=CARTESIAN_POINT('',(1.27E2,3.E0,-7.863150561475E1));
#582=LINE('',#581,#580);
#583=DIRECTION('',(-1.E0,0.E0,0.E0));
#584=VECTOR('',#583,2.E1);
#585=CARTESIAN_POINT('',(1.47E2,3.E0,-2.55E1));
#586=LINE('',#585,#584);
#587=DIRECTION('',(0.E0,0.E0,-1.E0));
#588=VECTOR('',#587,5.E-1);
#589=CARTESIAN_POINT('',(1.47E2,3.E0,-2.5E1));
#590=LINE('',#589,#588);
#591=CARTESIAN_POINT('',(1.25E2,3.E0,-2.5E1));
#592=DIRECTION('',(0.E0,1.E0,0.E0));
#593=DIRECTION('',(0.E0,0.E0,1.E0));
#594=AXIS2_PLACEMENT_3D('',#591,#592,#593);
#596=DIRECTION('',(0.E0,0.E0,-1.E0));
#597=VECTOR('',#596,5.E0);
#598=CARTESIAN_POINT('',(1.25E2,3.E0,-3.E0));
#599=LINE('',#598,#597);
#600=DIRECTION('',(-1.E0,0.E0,0.E0));
#601=VECTOR('',#600,1.412658223900E1);
#602=CARTESIAN_POINT('',(1.25E2,3.E0,-8.E0));
#603=LINE('',#602,#601);
#604=DIRECTION('',(0.E0,0.E0,-1.E0));
#605=VECTOR('',#604,5.E0);
#606=CARTESIAN_POINT('',(1.108734177610E2,3.E0,-3.E0));
#607=LINE('',#606,#605);
#608=DIRECTION('',(1.E0,0.E0,0.E0));
#609=VECTOR('',#608,2.087341776100E1);
#610=CARTESIAN_POINT('',(9.E1,3.E0,-3.E0));
#611=LINE('',#610,#609);
#612=DIRECTION('',(0.E0,0.E0,1.E0));
#613=VECTOR('',#612,5.E0);
#614=CARTESIAN_POINT('',(3.E0,3.3E1,-1.02E2));
#615=LINE('',#614,#613);
#616=DIRECTION('',(0.E0,1.E0,0.E0));
#617=VECTOR('',#616,3.E1);
#618=CARTESIAN_POINT('',(3.E0,3.E0,-9.7E1));
#619=LINE('',#618,#617);
#620=DIRECTION('',(0.E0,1.E0,0.E0));
#621=VECTOR('',#620,2.E1);
#622=CARTESIAN_POINT('',(3.E0,3.E0,-7.863150561475E1));
#623=LINE('',#622,#621);
#624=DIRECTION('',(0.E0,0.E0,-1.E0));
#625=VECTOR('',#624,2.E0);
#626=CARTESIAN_POINT('',(3.E0,2.3E1,-7.663150561475E1));
#627=LINE('',#626,#625);
#628=DIRECTION('',(0.E0,1.E0,0.E0));
#629=VECTOR('',#628,2.E1);
#630=CARTESIAN_POINT('',(3.E0,3.E0,-7.663150561475E1));
#631=LINE('',#630,#629);
#632=DIRECTION('',(0.E0,1.E0,0.E0));
#633=VECTOR('',#632,2.E1);
#634=CARTESIAN_POINT('',(3.E0,3.E0,-2.75E1));
#635=LINE('',#634,#633);
#636=DIRECTION('',(0.E0,0.E0,-1.E0));
#637=VECTOR('',#636,2.E0);
#638=CARTESIAN_POINT('',(3.E0,2.3E1,-2.55E1));
#639=LINE('',#638,#637);
#640=DIRECTION('',(0.E0,1.E0,0.E0));
#641=VECTOR('',#640,2.E1);
#642=CARTESIAN_POINT('',(3.E0,3.E0,-2.55E1));
#643=LINE('',#642,#641);
#644=DIRECTION('',(0.E0,1.E0,0.E0));
#645=VECTOR('',#644,2.E0);
#646=CARTESIAN_POINT('',(3.E0,3.3E1,-1.02E2));
#647=LINE('',#646,#645);
#648=CARTESIAN_POINT('',(5.5E0,3.3E1,-9.95E1));
#649=DIRECTION('',(0.E0,-1.E0,0.E0));
#650=DIRECTION('',(0.E0,0.E0,-1.E0));
#651=AXIS2_PLACEMENT_3D('',#648,#649,#650);
#653=CARTESIAN_POINT('',(5.5E0,3.3E1,-9.95E1));
#654=DIRECTION('',(0.E0,-1.E0,0.E0));
#655=DIRECTION('',(0.E0,0.E0,1.E0));
#656=AXIS2_PLACEMENT_3D('',#653,#654,#655);
#658=CARTESIAN_POINT('',(1.445E2,3.3E1,-9.95E1));
#659=DIRECTION('',(0.E0,-1.E0,0.E0));
#660=DIRECTION('',(0.E0,0.E0,-1.E0));
#661=AXIS2_PLACEMENT_3D('',#658,#659,#660);
#663=CARTESIAN_POINT('',(1.445E2,3.3E1,-9.95E1));
#664=DIRECTION('',(0.E0,-1.E0,0.E0));
#665=DIRECTION('',(0.E0,0.E0,1.E0));
#666=AXIS2_PLACEMENT_3D('',#663,#664,#665);
#668=CARTESIAN_POINT('',(3.200653088903E1,3.3E1,-5.427045569526E0));
#669=DIRECTION('',(0.E0,-1.E0,0.E0));
#670=DIRECTION('',(0.E0,0.E0,-1.E0));
#671=AXIS2_PLACEMENT_3D('',#668,#669,#670);
#673=CARTESIAN_POINT('',(3.200653088903E1,3.3E1,-5.427045569526E0));
#674=DIRECTION('',(0.E0,-1.E0,0.E0));
#675=DIRECTION('',(0.E0,0.E0,1.E0));
#676=AXIS2_PLACEMENT_3D('',#673,#674,#675);
#678=CARTESIAN_POINT('',(1.179934691110E2,3.3E1,-5.427045569526E0));
#679=DIRECTION('',(0.E0,-1.E0,0.E0));
#680=DIRECTION('',(0.E0,0.E0,-1.E0));
#681=AXIS2_PLACEMENT_3D('',#678,#679,#680);
#683=CARTESIAN_POINT('',(1.179934691110E2,3.3E1,-5.427045569526E0));
#684=DIRECTION('',(0.E0,-1.E0,0.E0));
#685=DIRECTION('',(0.E0,0.E0,1.E0));
#686=AXIS2_PLACEMENT_3D('',#683,#684,#685);
#688=DIRECTION('',(1.E0,0.E0,0.E0));
#689=VECTOR('',#688,5.E0);
#690=CARTESIAN_POINT('',(1.42E2,3.3E1,-9.7E1));
#691=LINE('',#690,#689);
#692=DIRECTION('',(0.E0,0.E0,1.E0));
#693=VECTOR('',#692,5.E0);
#694=CARTESIAN_POINT('',(1.42E2,3.3E1,-1.02E2));
#695=LINE('',#694,#693);
#696=DIRECTION('',(0.E0,0.E0,-1.E0));
#697=VECTOR('',#696,5.E0);
#698=CARTESIAN_POINT('',(8.E0,3.3E1,-9.7E1));
#699=LINE('',#698,#697);
#700=DIRECTION('',(1.E0,0.E0,0.E0));
#701=VECTOR('',#700,5.E0);
#702=CARTESIAN_POINT('',(3.E0,3.3E1,-9.7E1));
#703=LINE('',#702,#701);
#704=DIRECTION('',(0.E0,0.E0,1.E0));
#705=VECTOR('',#704,5.E0);
#706=CARTESIAN_POINT('',(2.5E1,3.3E1,-8.E0));
#707=LINE('',#706,#705);
#708=DIRECTION('',(-1.E0,0.E0,0.E0));
#709=VECTOR('',#708,1.412658223900E1);
#710=CARTESIAN_POINT('',(3.912658223900E1,3.3E1,-8.E0));
#711=LINE('',#710,#709);
#712=DIRECTION('',(0.E0,0.E0,-1.E0));
#713=VECTOR('',#712,5.E0);
#714=CARTESIAN_POINT('',(3.912658223900E1,3.3E1,-3.E0));
#715=LINE('',#714,#713);
#716=DIRECTION('',(0.E0,0.E0,1.E0));
#717=VECTOR('',#716,5.E0);
#718=CARTESIAN_POINT('',(1.108734177610E2,3.3E1,-8.E0));
#719=LINE('',#718,#717);
#720=DIRECTION('',(-1.E0,0.E0,0.E0));
#721=VECTOR('',#720,1.412658223900E1);
#722=CARTESIAN_POINT('',(1.25E2,3.3E1,-8.E0));
#723=LINE('',#722,#721);
#724=DIRECTION('',(0.E0,0.E0,-1.E0));
#725=VECTOR('',#724,5.E0);
#726=CARTESIAN_POINT('',(1.25E2,3.3E1,-3.E0));
#727=LINE('',#726,#725);
#728=DIRECTION('',(0.E0,1.E0,0.E0));
#729=VECTOR('',#728,3.E1);
#730=CARTESIAN_POINT('',(5.5E0,3.E0,-1.005E2));
#731=LINE('',#730,#729);
#732=DIRECTION('',(0.E0,1.E0,0.E0));
#733=VECTOR('',#732,3.E1);
#734=CARTESIAN_POINT('',(5.5E0,3.E0,-9.85E1));
#735=LINE('',#734,#733);
#736=DIRECTION('',(0.E0,1.E0,0.E0));
#737=VECTOR('',#736,3.E1);
#738=CARTESIAN_POINT('',(1.445E2,3.E0,-1.005E2));
#739=LINE('',#738,#737);
#740=DIRECTION('',(0.E0,1.E0,0.E0));
#741=VECTOR('',#740,3.E1);
#742=CARTESIAN_POINT('',(1.445E2,3.E0,-9.85E1));
#743=LINE('',#742,#741);
#744=DIRECTION('',(0.E0,1.E0,0.E0));
#745=VECTOR('',#744,3.E1);
#746=CARTESIAN_POINT('',(3.200653088903E1,3.E0,-6.427045569526E0));
#747=LINE('',#746,#745);
#748=DIRECTION('',(0.E0,1.E0,0.E0));
#749=VECTOR('',#748,3.E1);
#750=CARTESIAN_POINT('',(3.200653088903E1,3.E0,-4.427045569526E0));
#751=LINE('',#750,#749);
#752=DIRECTION('',(0.E0,1.E0,0.E0));
#753=VECTOR('',#752,3.E1);
#754=CARTESIAN_POINT('',(1.179934691110E2,3.E0,-6.427045569526E0));
#755=LINE('',#754,#753);
#756=DIRECTION('',(0.E0,1.E0,0.E0));
#757=VECTOR('',#756,3.E1);
#758=CARTESIAN_POINT('',(1.179934691110E2,3.E0,-4.427045569526E0));
#759=LINE('',#758,#757);
#760=DIRECTION('',(0.E0,1.E0,0.E0));
#761=VECTOR('',#760,3.E1);
#762=CARTESIAN_POINT('',(1.42E2,3.E0,-9.7E1));
#763=LINE('',#762,#761);
#764=DIRECTION('',(-1.E0,0.E0,0.E0));
#765=VECTOR('',#764,5.E0);
#766=CARTESIAN_POINT('',(1.47E2,3.3E1,-1.02E2));
#767=LINE('',#766,#765);
#768=DIRECTION('',(0.E0,1.E0,0.E0));
#769=VECTOR('',#768,3.E1);
#770=CARTESIAN_POINT('',(1.42E2,3.E0,-1.02E2));
#771=LINE('',#770,#769);
#772=DIRECTION('',(0.E0,1.E0,0.E0));
#773=VECTOR('',#772,3.E1);
#774=CARTESIAN_POINT('',(8.E0,3.E0,-1.02E2));
#775=LINE('',#774,#773);
#776=DIRECTION('',(-1.E0,0.E0,0.E0));
#777=VECTOR('',#776,5.E0);
#778=CARTESIAN_POINT('',(8.E0,3.3E1,-1.02E2));
#779=LINE('',#778,#777);
#780=DIRECTION('',(0.E0,1.E0,0.E0));
#781=VECTOR('',#780,2.E0);
#782=CARTESIAN_POINT('',(1.47E2,3.3E1,-1.02E2));
#783=LINE('',#782,#781);
#784=DIRECTION('',(-1.E0,0.E0,0.E0));
#785=VECTOR('',#784,1.5E1);
#786=CARTESIAN_POINT('',(4.95E1,8.5E0,-1.02E2));
#787=LINE('',#786,#785);
#788=DIRECTION('',(0.E0,-1.E0,0.E0));
#789=VECTOR('',#788,9.E0);
#790=CARTESIAN_POINT('',(4.95E1,1.75E1,-1.02E2));
#791=LINE('',#790,#789);
#792=DIRECTION('',(1.E0,0.E0,0.E0));
#793=VECTOR('',#792,1.5E1);
#794=CARTESIAN_POINT('',(3.45E1,1.75E1,-1.02E2));
#795=LINE('',#794,#793);
#796=DIRECTION('',(0.E0,1.E0,0.E0));
#797=VECTOR('',#796,9.E0);
#798=CARTESIAN_POINT('',(3.45E1,8.5E0,-1.02E2));
#799=LINE('',#798,#797);
#800=CARTESIAN_POINT('',(6.325229990998E1,1.412784148482E1,-1.02E2));
#801=DIRECTION('',(0.E0,0.E0,-1.E0));
#802=DIRECTION('',(0.E0,1.E0,0.E0));
#803=AXIS2_PLACEMENT_3D('',#800,#801,#802);
#805=CARTESIAN_POINT('',(6.325229990998E1,1.412784148482E1,-1.02E2));
#806=DIRECTION('',(0.E0,0.E0,-1.E0));
#807=DIRECTION('',(0.E0,-1.E0,0.E0));
#808=AXIS2_PLACEMENT_3D('',#805,#806,#807);
#810=CARTESIAN_POINT('',(7.672181205801E1,1.412784148482E1,-1.02E2));
#811=DIRECTION('',(0.E0,0.E0,-1.E0));
#812=DIRECTION('',(0.E0,1.E0,0.E0));
#813=AXIS2_PLACEMENT_3D('',#810,#811,#812);
#815=CARTESIAN_POINT('',(7.672181205801E1,1.412784148482E1,-1.02E2));
#816=DIRECTION('',(0.E0,0.E0,-1.E0));
#817=DIRECTION('',(0.E0,-1.E0,0.E0));
#818=AXIS2_PLACEMENT_3D('',#815,#816,#817);
#820=CARTESIAN_POINT('',(1.189815887960E2,1.75E1,-1.02E2));
#821=DIRECTION('',(0.E0,0.E0,1.E0));
#822=DIRECTION('',(-1.E0,0.E0,0.E0));
#823=AXIS2_PLACEMENT_3D('',#820,#821,#822);
#825=CARTESIAN_POINT('',(1.189815887960E2,1.75E1,-1.02E2));
#826=DIRECTION('',(0.E0,0.E0,1.E0));
#827=DIRECTION('',(1.E0,0.E0,0.E0));
#828=AXIS2_PLACEMENT_3D('',#825,#826,#827);
#830=DIRECTION('',(0.E0,1.E0,0.E0));
#831=VECTOR('',#830,3.E1);
#832=CARTESIAN_POINT('',(8.E0,3.E0,-9.7E1));
#833=LINE('',#832,#831);
#834=DIRECTION('',(0.E0,0.E0,1.E0));
#835=VECTOR('',#834,5.E0);
#836=CARTESIAN_POINT('',(1.47E2,3.3E1,-1.02E2));
#837=LINE('',#836,#835);
#838=DIRECTION('',(0.E0,1.E0,0.E0));
#839=VECTOR('',#838,3.2E1);
#840=CARTESIAN_POINT('',(1.47E2,3.E0,-2.5E1));
#841=LINE('',#840,#839);
#842=DIRECTION('',(0.E0,1.E0,0.E0));
#843=VECTOR('',#842,2.E1);
#844=CARTESIAN_POINT('',(1.47E2,3.E0,-2.55E1));
#845=LINE('',#844,#843);
#846=DIRECTION('',(0.E0,0.E0,-1.E0));
#847=VECTOR('',#846,2.E0);
#848=CARTESIAN_POINT('',(1.47E2,2.3E1,-2.55E1));
#849=LINE('',#848,#847);
#850=DIRECTION('',(0.E0,1.E0,0.E0));
#851=VECTOR('',#850,2.E1);
#852=CARTESIAN_POINT('',(1.47E2,3.E0,-2.75E1));
#853=LINE('',#852,#851);
#854=DIRECTION('',(0.E0,1.E0,0.E0));
#855=VECTOR('',#854,2.E1);
#856=CARTESIAN_POINT('',(1.47E2,3.E0,-7.663150561475E1));
#857=LINE('',#856,#855);
#858=DIRECTION('',(0.E0,0.E0,-1.E0));
#859=VECTOR('',#858,2.E0);
#860=CARTESIAN_POINT('',(1.47E2,2.3E1,-7.663150561475E1));
#861=LINE('',#860,#859);
#862=DIRECTION('',(0.E0,1.E0,0.E0));
#863=VECTOR('',#862,2.E1);
#864=CARTESIAN_POINT('',(1.47E2,3.E0,-7.863150561475E1));
#865=LINE('',#864,#863);
#866=DIRECTION('',(0.E0,1.E0,0.E0));
#867=VECTOR('',#866,3.E1);
#868=CARTESIAN_POINT('',(1.47E2,3.E0,-9.7E1));
#869=LINE('',#868,#867);
#870=DIRECTION('',(0.E0,1.E0,0.E0));
#871=VECTOR('',#870,3.E1);
#872=CARTESIAN_POINT('',(1.25E2,3.E0,-3.E0));
#873=LINE('',#872,#871);
#874=DIRECTION('',(0.E0,1.E0,0.E0));
#875=VECTOR('',#874,2.E0);
#876=CARTESIAN_POINT('',(1.25E2,3.3E1,-3.E0));
#877=LINE('',#876,#875);
#878=DIRECTION('',(0.E0,1.E0,0.E0));
#879=VECTOR('',#878,3.E1);
#880=CARTESIAN_POINT('',(1.25E2,3.E0,-8.E0));
#881=LINE('',#880,#879);
#882=DIRECTION('',(0.E0,1.E0,0.E0));
#883=VECTOR('',#882,3.E1);
#884=CARTESIAN_POINT('',(1.108734177610E2,3.E0,-8.E0));
#885=LINE('',#884,#883);
#886=DIRECTION('',(0.E0,1.E0,0.E0));
#887=VECTOR('',#886,2.E1);
#888=CARTESIAN_POINT('',(1.27E2,3.E0,-2.55E1));
#889=LINE('',#888,#887);
#890=DIRECTION('',(0.E0,1.E0,0.E0));
#891=VECTOR('',#890,2.E1);
#892=CARTESIAN_POINT('',(1.27E2,3.E0,-7.863150561475E1));
#893=LINE('',#892,#891);
#894=DIRECTION('',(1.E0,0.E0,0.E0));
#895=VECTOR('',#894,2.E1);
#896=CARTESIAN_POINT('',(1.27E2,2.3E1,-2.55E1));
#897=LINE('',#896,#895);
#898=DIRECTION('',(0.E0,0.E0,1.E0));
#899=VECTOR('',#898,5.313150561475E1);
#900=CARTESIAN_POINT('',(1.27E2,2.3E1,-7.863150561475E1));
#901=LINE('',#900,#899);
#902=DIRECTION('',(-1.E0,0.E0,0.E0));
#903=VECTOR('',#902,2.E1);
#904=CARTESIAN_POINT('',(1.47E2,2.3E1,-7.863150561475E1));
#905=LINE('',#904,#903);
#906=DIRECTION('',(1.E0,0.E0,0.E0));
#907=VECTOR('',#906,1.8E1);
#908=CARTESIAN_POINT('',(1.29E2,2.3E1,-7.663150561475E1));
#909=LINE('',#908,#907);
#910=DIRECTION('',(0.E0,0.E0,-1.E0));
#911=VECTOR('',#910,4.913150561475E1);
#912=CARTESIAN_POINT('',(1.29E2,2.3E1,-2.75E1));
#913=LINE('',#912,#911);
#914=DIRECTION('',(-1.E0,0.E0,0.E0));
#915=VECTOR('',#914,1.8E1);
#916=CARTESIAN_POINT('',(1.47E2,2.3E1,-2.75E1));
#917=LINE('',#916,#915);
#918=DIRECTION('',(-1.E0,0.E0,0.E0));
#919=VECTOR('',#918,1.8E1);
#920=CARTESIAN_POINT('',(2.1E1,2.3E1,-2.75E1));
#921=LINE('',#920,#919);
#922=DIRECTION('',(0.E0,0.E0,1.E0));
#923=VECTOR('',#922,4.913150561475E1);
#924=CARTESIAN_POINT('',(2.1E1,2.3E1,-7.663150561475E1));
#925=LINE('',#924,#923);
#926=DIRECTION('',(1.E0,0.E0,0.E0));
#927=VECTOR('',#926,1.8E1);
#928=CARTESIAN_POINT('',(3.E0,2.3E1,-7.663150561475E1));
#929=LINE('',#928,#927);
#930=DIRECTION('',(-1.E0,0.E0,0.E0));
#931=VECTOR('',#930,2.E1);
#932=CARTESIAN_POINT('',(2.3E1,2.3E1,-7.863150561475E1));
#933=LINE('',#932,#931);
#934=DIRECTION('',(0.E0,0.E0,-1.E0));
#935=VECTOR('',#934,5.313150561475E1);
#936=CARTESIAN_POINT('',(2.3E1,2.3E1,-2.55E1));
#937=LINE('',#936,#935);
#938=DIRECTION('',(1.E0,0.E0,0.E0));
#939=VECTOR('',#938,2.E1);
#940=CARTESIAN_POINT('',(3.E0,2.3E1,-2.55E1));
#941=LINE('',#940,#939);
#942=DIRECTION('',(0.E0,1.E0,0.E0));
#943=VECTOR('',#942,2.E1);
#944=CARTESIAN_POINT('',(1.29E2,3.E0,-7.663150561475E1));
#945=LINE('',#944,#943);
#946=DIRECTION('',(0.E0,1.E0,0.E0));
#947=VECTOR('',#946,2.E1);
#948=CARTESIAN_POINT('',(1.29E2,3.E0,-2.75E1));
#949=LINE('',#948,#947);
#950=DIRECTION('',(0.E0,1.E0,0.E0));
#951=VECTOR('',#950,2.E1);
#952=CARTESIAN_POINT('',(2.1E1,3.E0,-2.75E1));
#953=LINE('',#952,#951);
#954=DIRECTION('',(0.E0,1.E0,0.E0));
#955=VECTOR('',#954,2.E1);
#956=CARTESIAN_POINT('',(2.1E1,3.E0,-7.663150561475E1));
#957=LINE('',#956,#955);
#958=DIRECTION('',(0.E0,1.E0,0.E0));
#959=VECTOR('',#958,2.E1);
#960=CARTESIAN_POINT('',(2.3E1,3.E0,-7.863150561475E1));
#961=LINE('',#960,#959);
#962=DIRECTION('',(0.E0,1.E0,0.E0));
#963=VECTOR('',#962,2.E1);
#964=CARTESIAN_POINT('',(2.3E1,3.E0,-2.55E1));
#965=LINE('',#964,#963);
#966=DIRECTION('',(0.E0,0.E0,1.E0));
#967=VECTOR('',#966,3.E0);
#968=CARTESIAN_POINT('',(4.95E1,8.5E0,-1.05E2));
#969=LINE('',#968,#967);
#970=DIRECTION('',(0.E0,0.E0,1.E0));
#971=VECTOR('',#970,3.E0);
#972=CARTESIAN_POINT('',(4.95E1,1.75E1,-1.05E2));
#973=LINE('',#972,#971);
#974=DIRECTION('',(0.E0,0.E0,1.E0));
#975=VECTOR('',#974,3.E0);
#976=CARTESIAN_POINT('',(3.45E1,1.75E1,-1.05E2));
#977=LINE('',#976,#975);
#978=DIRECTION('',(0.E0,0.E0,1.E0));
#979=VECTOR('',#978,3.E0);
#980=CARTESIAN_POINT('',(3.45E1,8.5E0,-1.05E2));
#981=LINE('',#980,#979);
#982=DIRECTION('',(0.E0,0.E0,1.E0));
#983=VECTOR('',#982,3.E0);
#984=CARTESIAN_POINT('',(6.325229990998E1,1.737784148482E1,-1.05E2));
#985=LINE('',#984,#983);
#986=DIRECTION('',(0.E0,0.E0,1.E0));
#987=VECTOR('',#986,3.E0);
#988=CARTESIAN_POINT('',(6.325229990998E1,1.087784148482E1,-1.05E2));
#989=LINE('',#988,#987);
#990=DIRECTION('',(0.E0,0.E0,1.E0));
#991=VECTOR('',#990,3.E0);
#992=CARTESIAN_POINT('',(7.672181205801E1,1.737784148482E1,-1.05E2));
#993=LINE('',#992,#991);
#994=DIRECTION('',(0.E0,0.E0,1.E0));
#995=VECTOR('',#994,3.E0);
#996=CARTESIAN_POINT('',(7.672181205801E1,1.087784148482E1,-1.05E2));
#997=LINE('',#996,#995);
#998=DIRECTION('',(0.E0,0.E0,-1.E0));
#999=VECTOR('',#998,5.E-1);
#1000=CARTESIAN_POINT('',(1.054815887960E2,1.75E1,-1.02E2));
#1001=LINE('',#1000,#999);
#1002=DIRECTION('',(0.E0,0.E0,-1.E0));
#1003=VECTOR('',#1002,5.E-1);
#1004=CARTESIAN_POINT('',(1.324815887960E2,1.75E1,-1.02E2));
#1005=LINE('',#1004,#1003);
#1006=CARTESIAN_POINT('',(1.189815887960E2,1.75E1,-1.025E2));
#1007=DIRECTION('',(0.E0,0.E0,1.E0));
#1008=DIRECTION('',(-1.E0,0.E0,0.E0));
#1009=AXIS2_PLACEMENT_3D('',#1006,#1007,#1008);
#1011=CARTESIAN_POINT('',(1.189815887960E2,1.75E1,-1.025E2));
#1012=DIRECTION('',(0.E0,0.E0,1.E0));
#1013=DIRECTION('',(1.E0,0.E0,0.E0));
#1014=AXIS2_PLACEMENT_3D('',#1011,#1012,#1013);
#1016=CARTESIAN_POINT('',(1.189815887960E2,1.75E1,-1.025E2));
#1017=DIRECTION('',(0.E0,0.E0,1.E0));
#1018=DIRECTION('',(1.E0,0.E0,0.E0));
#1019=AXIS2_PLACEMENT_3D('',#1016,#1017,#1018);
#1021=DIRECTION('',(0.E0,0.E0,-1.E0));
#1022=VECTOR('',#1021,2.5E0);
#1023=CARTESIAN_POINT('',(1.284815887960E2,1.75E1,-1.025E2));
#1024=LINE('',#1023,#1022);
#1025=CARTESIAN_POINT('',(1.189815887960E2,1.75E1,-1.025E2));
#1026=DIRECTION('',(0.E0,0.E0,1.E0));
#1027=DIRECTION('',(-1.E0,0.E0,0.E0));
#1028=AXIS2_PLACEMENT_3D('',#1025,#1026,#1027);
#1030=DIRECTION('',(0.E0,0.E0,-1.E0));
#1031=VECTOR('',#1030,2.5E0);
#1032=CARTESIAN_POINT('',(1.094815887960E2,1.75E1,-1.025E2));
#1033=LINE('',#1032,#1031);
#1034=DIRECTION('',(0.E0,1.E0,0.E0));
#1035=VECTOR('',#1034,3.E1);
#1036=CARTESIAN_POINT('',(2.5E1,3.E0,-8.E0));
#1037=LINE('',#1036,#1035);
#1038=DIRECTION('',(0.E0,1.E0,0.E0));
#1039=VECTOR('',#1038,3.E1);
#1040=CARTESIAN_POINT('',(3.912658223900E1,3.E0,-8.E0));
#1041=LINE('',#1040,#1039);
#1042=DIRECTION('',(0.E0,1.E0,0.E0));
#1043=VECTOR('',#1042,3.E1);
#1044=CARTESIAN_POINT('',(2.5E1,3.E0,-3.E0));
#1045=LINE('',#1044,#1043);
#1046=DIRECTION('',(0.E0,1.E0,0.E0));
#1047=VECTOR('',#1046,3.2E1);
#1048=CARTESIAN_POINT('',(3.E0,3.E0,-2.5E1));
#1049=LINE('',#1048,#1047);
#1050=DIRECTION('',(0.E0,1.E0,0.E0));
#1051=VECTOR('',#1050,4.E0);
#1052=CARTESIAN_POINT('',(3.073238888245E1,3.E0,-9.1E1));
#1053=LINE('',#1052,#1051);
#1054=DIRECTION('',(0.E0,1.E0,0.E0));
#1055=VECTOR('',#1054,4.E0);
#1056=CARTESIAN_POINT('',(2.526761111755E1,3.E0,-9.1E1));
#1057=LINE('',#1056,#1055);
#1058=CARTESIAN_POINT('',(2.8E1,7.E0,-9.1E1));
#1059=DIRECTION('',(0.E0,1.E0,0.E0));
#1060=DIRECTION('',(1.E0,0.E0,0.E0));
#1061=AXIS2_PLACEMENT_3D('',#1058,#1059,#1060);
#1063=CARTESIAN_POINT('',(2.8E1,7.E0,-9.1E1));
#1064=DIRECTION('',(0.E0,1.E0,0.E0));
#1065=DIRECTION('',(-1.E0,0.E0,0.E0));
#1066=AXIS2_PLACEMENT_3D('',#1063,#1064,#1065);
#1068=CARTESIAN_POINT('',(2.8E1,7.E0,-9.1E1));
#1069=DIRECTION('',(0.E0,-1.E0,0.E0));
#1070=DIRECTION('',(1.E0,0.E0,0.E0));
#1071=AXIS2_PLACEMENT_3D('',#1068,#1069,#1070);
#1073=CARTESIAN_POINT('',(2.8E1,7.E0,-9.1E1));
#1074=DIRECTION('',(0.E0,-1.E0,0.E0));
#1075=DIRECTION('',(-1.E0,0.E0,0.E0));
#1076=AXIS2_PLACEMENT_3D('',#1073,#1074,#1075);
#1078=CARTESIAN_POINT('',(1.21E2,7.E0,-9.1E1));
#1079=DIRECTION('',(0.E0,1.E0,0.E0));
#1080=DIRECTION('',(1.E0,0.E0,0.E0));
#1081=AXIS2_PLACEMENT_3D('',#1078,#1079,#1080);
#1083=CARTESIAN_POINT('',(1.21E2,7.E0,-9.1E1));
#1084=DIRECTION('',(0.E0,1.E0,0.E0));
#1085=DIRECTION('',(-1.E0,0.E0,0.E0));
#1086=AXIS2_PLACEMENT_3D('',#1083,#1084,#1085);
#1088=CARTESIAN_POINT('',(1.21E2,7.E0,-9.1E1));
#1089=DIRECTION('',(0.E0,-1.E0,0.E0));
#1090=DIRECTION('',(1.E0,0.E0,0.E0));
#1091=AXIS2_PLACEMENT_3D('',#1088,#1089,#1090);
#1093=CARTESIAN_POINT('',(1.21E2,7.E0,-9.1E1));
#1094=DIRECTION('',(0.E0,-1.E0,0.E0));
#1095=DIRECTION('',(-1.E0,0.E0,0.E0));
#1096=AXIS2_PLACEMENT_3D('',#1093,#1094,#1095);
#1098=CARTESIAN_POINT('',(2.8E1,7.E0,-3.3E1));
#1099=DIRECTION('',(0.E0,1.E0,0.E0));
#1100=DIRECTION('',(1.E0,0.E0,0.E0));
#1101=AXIS2_PLACEMENT_3D('',#1098,#1099,#1100);
#1103=CARTESIAN_POINT('',(2.8E1,7.E0,-3.3E1));
#1104=DIRECTION('',(0.E0,1.E0,0.E0));
#1105=DIRECTION('',(-1.E0,0.E0,0.E0));
#1106=AXIS2_PLACEMENT_3D('',#1103,#1104,#1105);
#1108=CARTESIAN_POINT('',(2.8E1,7.E0,-3.3E1));
#1109=DIRECTION('',(0.E0,-1.E0,0.E0));
#1110=DIRECTION('',(1.E0,0.E0,0.E0));
#1111=AXIS2_PLACEMENT_3D('',#1108,#1109,#1110);
#1113=CARTESIAN_POINT('',(2.8E1,7.E0,-3.3E1));
#1114=DIRECTION('',(0.E0,-1.E0,0.E0));
#1115=DIRECTION('',(-1.E0,0.E0,0.E0));
#1116=AXIS2_PLACEMENT_3D('',#1113,#1114,#1115);
#1118=CARTESIAN_POINT('',(1.21E2,7.E0,-3.3E1));
#1119=DIRECTION('',(0.E0,1.E0,0.E0));
#1120=DIRECTION('',(1.E0,0.E0,0.E0));
#1121=AXIS2_PLACEMENT_3D('',#1118,#1119,#1120);
#1123=CARTESIAN_POINT('',(1.21E2,7.E0,-3.3E1));
#1124=DIRECTION('',(0.E0,1.E0,0.E0));
#1125=DIRECTION('',(-1.E0,0.E0,0.E0));
#1126=AXIS2_PLACEMENT_3D('',#1123,#1124,#1125);
#1128=CARTESIAN_POINT('',(1.21E2,7.E0,-3.3E1));
#1129=DIRECTION('',(0.E0,-1.E0,0.E0));
#1130=DIRECTION('',(1.E0,0.E0,0.E0));
#1131=AXIS2_PLACEMENT_3D('',#1128,#1129,#1130);
#1133=CARTESIAN_POINT('',(1.21E2,7.E0,-3.3E1));
#1134=DIRECTION('',(0.E0,-1.E0,0.E0));
#1135=DIRECTION('',(-1.E0,0.E0,0.E0));
#1136=AXIS2_PLACEMENT_3D('',#1133,#1134,#1135);
#1138=DIRECTION('',(0.E0,1.E0,0.E0));
#1139=VECTOR('',#1138,4.E0);
#1140=CARTESIAN_POINT('',(2.9E1,3.E0,-9.1E1));
#1141=LINE('',#1140,#1139);
#1142=DIRECTION('',(0.E0,1.E0,0.E0));
#1143=VECTOR('',#1142,4.E0);
#1144=CARTESIAN_POINT('',(2.7E1,3.E0,-9.1E1));
#1145=LINE('',#1144,#1143);
#1146=DIRECTION('',(0.E0,1.E0,0.E0));
#1147=VECTOR('',#1146,4.E0);
#1148=CARTESIAN_POINT('',(1.237323888824E2,3.E0,-9.1E1));
#1149=LINE('',#1148,#1147);
#1150=DIRECTION('',(0.E0,1.E0,0.E0));
#1151=VECTOR('',#1150,4.E0);
#1152=CARTESIAN_POINT('',(1.182676111176E2,3.E0,-9.1E1));
#1153=LINE('',#1152,#1151);
#1154=DIRECTION('',(0.E0,1.E0,0.E0));
#1155=VECTOR('',#1154,4.E0);
#1156=CARTESIAN_POINT('',(1.22E2,3.E0,-9.1E1));
#1157=LINE('',#1156,#1155);
#1158=DIRECTION('',(0.E0,1.E0,0.E0));
#1159=VECTOR('',#1158,4.E0);
#1160=CARTESIAN_POINT('',(1.2E2,3.E0,-9.1E1));
#1161=LINE('',#1160,#1159);
#1162=DIRECTION('',(0.E0,1.E0,0.E0));
#1163=VECTOR('',#1162,4.E0);
#1164=CARTESIAN_POINT('',(3.060988278549E1,3.E0,-3.3E1));
#1165=LINE('',#1164,#1163);
#1166=DIRECTION('',(0.E0,1.E0,0.E0));
#1167=VECTOR('',#1166,4.E0);
#1168=CARTESIAN_POINT('',(2.539011721451E1,3.E0,-3.3E1));
#1169=LINE('',#1168,#1167);
#1170=DIRECTION('',(0.E0,1.E0,0.E0));
#1171=VECTOR('',#1170,4.E0);
#1172=CARTESIAN_POINT('',(2.9E1,3.E0,-3.3E1));
#1173=LINE('',#1172,#1171);
#1174=DIRECTION('',(0.E0,1.E0,0.E0));
#1175=VECTOR('',#1174,4.E0);
#1176=CARTESIAN_POINT('',(2.7E1,3.E0,-3.3E1));
#1177=LINE('',#1176,#1175);
#1178=DIRECTION('',(0.E0,1.E0,0.E0));
#1179=VECTOR('',#1178,4.E0);
#1180=CARTESIAN_POINT('',(1.236098827855E2,3.E0,-3.3E1));
#1181=LINE('',#1180,#1179);
#1182=DIRECTION('',(0.E0,1.E0,0.E0));
#1183=VECTOR('',#1182,4.E0);
#1184=CARTESIAN_POINT('',(1.183901172145E2,3.E0,-3.3E1));
#1185=LINE('',#1184,#1183);
#1186=DIRECTION('',(0.E0,1.E0,0.E0));
#1187=VECTOR('',#1186,4.E0);
#1188=CARTESIAN_POINT('',(1.22E2,3.E0,-3.3E1));
#1189=LINE('',#1188,#1187);
#1190=DIRECTION('',(0.E0,1.E0,0.E0));
#1191=VECTOR('',#1190,4.E0);
#1192=CARTESIAN_POINT('',(1.2E2,3.E0,-3.3E1));
#1193=LINE('',#1192,#1191);
#1194=DIRECTION('',(0.E0,1.E0,0.E0));
#1195=VECTOR('',#1194,4.E0);
#1196=CARTESIAN_POINT('',(9.E1,3.E0,-1.8E1));
#1197=LINE('',#1196,#1195);
#1198=CARTESIAN_POINT('',(2.5E1,0.E0,0.E0));
#1199=CARTESIAN_POINT('',(1.25E2,0.E0,0.E0));
#1200=VERTEX_POINT('',#1198);
#1201=VERTEX_POINT('',#1199);
#1202=CARTESIAN_POINT('',(1.5E2,0.E0,-2.5E1));
#1203=CARTESIAN_POINT('',(1.5E2,0.E0,-1.05E2));
#1204=VERTEX_POINT('',#1202);
#1205=VERTEX_POINT('',#1203);
#1206=CARTESIAN_POINT('',(0.E0,0.E0,-1.05E2));
#1207=VERTEX_POINT('',#1206);
#1208=CARTESIAN_POINT('',(0.E0,0.E0,-2.5E1));
#1209=VERTEX_POINT('',#1208);
#1210=CARTESIAN_POINT('',(2.5E1,3.5E1,0.E0));
#1211=CARTESIAN_POINT('',(1.25E2,3.5E1,0.E0));
#1212=VERTEX_POINT('',#1210);
#1213=VERTEX_POINT('',#1211);
#1214=CARTESIAN_POINT('',(1.5E2,3.5E1,-2.5E1));
#1215=CARTESIAN_POINT('',(1.5E2,3.5E1,-1.05E2));
#1216=VERTEX_POINT('',#1214);
#1217=VERTEX_POINT('',#1215);
#1218=CARTESIAN_POINT('',(0.E0,3.5E1,-1.05E2));
#1219=VERTEX_POINT('',#1218);
#1220=CARTESIAN_POINT('',(0.E0,3.5E1,-2.5E1));
#1221=VERTEX_POINT('',#1220);
#1222=CARTESIAN_POINT('',(2.5E1,3.5E1,-3.E0));
#1223=CARTESIAN_POINT('',(1.25E2,3.5E1,-3.E0));
#1224=VERTEX_POINT('',#1222);
#1225=VERTEX_POINT('',#1223);
#1226=CARTESIAN_POINT('',(1.47E2,3.5E1,-2.5E1));
#1227=VERTEX_POINT('',#1226);
#1228=CARTESIAN_POINT('',(1.47E2,3.5E1,-1.02E2));
#1229=VERTEX_POINT('',#1228);
#1230=CARTESIAN_POINT('',(3.E0,3.5E1,-1.02E2));
#1231=VERTEX_POINT('',#1230);
#1232=CARTESIAN_POINT('',(3.E0,3.5E1,-2.5E1));
#1233=VERTEX_POINT('',#1232);
#1234=CARTESIAN_POINT('',(1.47E2,3.E0,-2.5E1));
#1235=VERTEX_POINT('',#1234);
#1236=CARTESIAN_POINT('',(3.E0,3.E0,-2.5E1));
#1237=VERTEX_POINT('',#1236);
#1238=CARTESIAN_POINT('',(8.05E1,1.75E1,0.E0));
#1239=CARTESIAN_POINT('',(6.95E1,1.75E1,0.E0));
#1240=VERTEX_POINT('',#1238);
#1241=VERTEX_POINT('',#1239);
#1242=CARTESIAN_POINT('',(8.05E1,1.75E1,-3.E0));
#1243=CARTESIAN_POINT('',(6.95E1,1.75E1,-3.E0));
#1244=VERTEX_POINT('',#1242);
#1245=VERTEX_POINT('',#1243);
#1246=CARTESIAN_POINT('',(2.1E1,2.3E1,-7.663150561475E1));
#1247=CARTESIAN_POINT('',(2.1E1,2.3E1,-2.75E1));
#1248=VERTEX_POINT('',#1246);
#1249=VERTEX_POINT('',#1247);
#1250=CARTESIAN_POINT('',(2.3E1,2.3E1,-2.55E1));
#1251=CARTESIAN_POINT('',(2.3E1,2.3E1,-7.863150561475E1));
#1252=VERTEX_POINT('',#1250);
#1253=VERTEX_POINT('',#1251);
#1254=CARTESIAN_POINT('',(1.27E2,2.3E1,-7.863150561475E1));
#1255=CARTESIAN_POINT('',(1.27E2,2.3E1,-2.55E1));
#1256=VERTEX_POINT('',#1254);
#1257=VERTEX_POINT('',#1255);
#1258=CARTESIAN_POINT('',(1.29E2,2.3E1,-2.75E1));
#1259=CARTESIAN_POINT('',(1.29E2,2.3E1,-7.663150561475E1));
#1260=VERTEX_POINT('',#1258);
#1261=VERTEX_POINT('',#1259);
#1262=CARTESIAN_POINT('',(3.E0,3.E0,-7.663150561475E1));
#1263=CARTESIAN_POINT('',(2.1E1,3.E0,-7.663150561475E1));
#1264=VERTEX_POINT('',#1262);
#1265=VERTEX_POINT('',#1263);
#1266=CARTESIAN_POINT('',(2.1E1,3.E0,-2.75E1));
#1267=VERTEX_POINT('',#1266);
#1268=CARTESIAN_POINT('',(3.E0,3.E0,-2.75E1));
#1269=VERTEX_POINT('',#1268);
#1270=CARTESIAN_POINT('',(3.E0,3.E0,-2.55E1));
#1271=CARTESIAN_POINT('',(2.3E1,3.E0,-2.55E1));
#1272=VERTEX_POINT('',#1270);
#1273=VERTEX_POINT('',#1271);
#1274=CARTESIAN_POINT('',(2.3E1,3.E0,-7.863150561475E1));
#1275=VERTEX_POINT('',#1274);
#1276=CARTESIAN_POINT('',(3.E0,3.E0,-7.863150561475E1));
#1277=VERTEX_POINT('',#1276);
#1278=CARTESIAN_POINT('',(1.47E2,3.E0,-7.863150561475E1));
#1279=CARTESIAN_POINT('',(1.27E2,3.E0,-7.863150561475E1));
#1280=VERTEX_POINT('',#1278);
#1281=VERTEX_POINT('',#1279);
#1282=CARTESIAN_POINT('',(1.27E2,3.E0,-2.55E1));
#1283=VERTEX_POINT('',#1282);
#1284=CARTESIAN_POINT('',(1.47E2,3.E0,-2.55E1));
#1285=VERTEX_POINT('',#1284);
#1286=CARTESIAN_POINT('',(1.47E2,3.E0,-2.75E1));
#1287=CARTESIAN_POINT('',(1.29E2,3.E0,-2.75E1));
#1288=VERTEX_POINT('',#1286);
#1289=VERTEX_POINT('',#1287);
#1290=CARTESIAN_POINT('',(1.29E2,3.E0,-7.663150561475E1));
#1291=VERTEX_POINT('',#1290);
#1292=CARTESIAN_POINT('',(1.47E2,3.E0,-7.663150561475E1));
#1293=VERTEX_POINT('',#1292);
#1294=CARTESIAN_POINT('',(1.47E2,2.3E1,-2.55E1));
#1295=CARTESIAN_POINT('',(1.47E2,2.3E1,-2.75E1));
#1296=VERTEX_POINT('',#1294);
#1297=VERTEX_POINT('',#1295);
#1298=CARTESIAN_POINT('',(1.47E2,2.3E1,-7.663150561475E1));
#1299=CARTESIAN_POINT('',(1.47E2,2.3E1,-7.863150561475E1));
#1300=VERTEX_POINT('',#1298);
#1301=VERTEX_POINT('',#1299);
#1302=CARTESIAN_POINT('',(3.E0,2.3E1,-2.55E1));
#1303=CARTESIAN_POINT('',(3.E0,2.3E1,-2.75E1));
#1304=VERTEX_POINT('',#1302);
#1305=VERTEX_POINT('',#1303);
#1306=CARTESIAN_POINT('',(3.E0,2.3E1,-7.663150561475E1));
#1307=CARTESIAN_POINT('',(3.E0,2.3E1,-7.863150561475E1));
#1308=VERTEX_POINT('',#1306);
#1309=VERTEX_POINT('',#1307);
#1310=CARTESIAN_POINT('',(5.5E0,3.3E1,-1.005E2));
#1311=CARTESIAN_POINT('',(5.5E0,3.3E1,-9.85E1));
#1312=VERTEX_POINT('',#1310);
#1313=VERTEX_POINT('',#1311);
#1314=CARTESIAN_POINT('',(1.445E2,3.3E1,-1.005E2));
#1315=CARTESIAN_POINT('',(1.445E2,3.3E1,-9.85E1));
#1316=VERTEX_POINT('',#1314);
#1317=VERTEX_POINT('',#1315);
#1318=CARTESIAN_POINT('',(5.5E0,3.E0,-9.85E1));
#1319=CARTESIAN_POINT('',(5.5E0,3.E0,-1.005E2));
#1320=VERTEX_POINT('',#1318);
#1321=VERTEX_POINT('',#1319);
#1322=CARTESIAN_POINT('',(1.445E2,3.E0,-9.85E1));
#1323=CARTESIAN_POINT('',(1.445E2,3.E0,-1.005E2));
#1324=VERTEX_POINT('',#1322);
#1325=VERTEX_POINT('',#1323);
#1326=CARTESIAN_POINT('',(3.E0,3.E0,-9.7E1));
#1327=CARTESIAN_POINT('',(8.E0,3.E0,-9.7E1));
#1328=VERTEX_POINT('',#1326);
#1329=VERTEX_POINT('',#1327);
#1330=CARTESIAN_POINT('',(8.E0,3.E0,-1.02E2));
#1331=VERTEX_POINT('',#1330);
#1332=CARTESIAN_POINT('',(1.42E2,3.E0,-1.02E2));
#1333=CARTESIAN_POINT('',(1.42E2,3.E0,-9.7E1));
#1334=VERTEX_POINT('',#1332);
#1335=VERTEX_POINT('',#1333);
#1336=CARTESIAN_POINT('',(1.47E2,3.E0,-9.7E1));
#1337=VERTEX_POINT('',#1336);
#1338=CARTESIAN_POINT('',(1.47E2,3.3E1,-1.02E2));
#1339=CARTESIAN_POINT('',(1.47E2,3.3E1,-9.7E1));
#1340=VERTEX_POINT('',#1338);
#1341=VERTEX_POINT('',#1339);
#1342=CARTESIAN_POINT('',(1.42E2,3.3E1,-1.02E2));
#1343=VERTEX_POINT('',#1342);
#1344=CARTESIAN_POINT('',(8.E0,3.3E1,-1.02E2));
#1345=CARTESIAN_POINT('',(3.E0,3.3E1,-1.02E2));
#1346=VERTEX_POINT('',#1344);
#1347=VERTEX_POINT('',#1345);
#1348=CARTESIAN_POINT('',(3.E0,3.3E1,-9.7E1));
#1349=VERTEX_POINT('',#1348);
#1350=CARTESIAN_POINT('',(8.E0,3.3E1,-9.7E1));
#1351=VERTEX_POINT('',#1350);
#1352=CARTESIAN_POINT('',(1.42E2,3.3E1,-9.7E1));
#1353=VERTEX_POINT('',#1352);
#1354=CARTESIAN_POINT('',(3.073238888245E1,7.E0,-9.1E1));
#1355=CARTESIAN_POINT('',(2.526761111755E1,7.E0,-9.1E1));
#1356=VERTEX_POINT('',#1354);
#1357=VERTEX_POINT('',#1355);
#1358=CARTESIAN_POINT('',(2.9E1,7.E0,-9.1E1));
#1359=CARTESIAN_POINT('',(2.7E1,7.E0,-9.1E1));
#1360=VERTEX_POINT('',#1358);
#1361=VERTEX_POINT('',#1359);
#1362=CARTESIAN_POINT('',(1.237323888824E2,7.E0,-9.1E1));
#1363=CARTESIAN_POINT('',(1.182676111176E2,7.E0,-9.1E1));
#1364=VERTEX_POINT('',#1362);
#1365=VERTEX_POINT('',#1363);
#1366=CARTESIAN_POINT('',(1.22E2,7.E0,-9.1E1));
#1367=CARTESIAN_POINT('',(1.2E2,7.E0,-9.1E1));
#1368=VERTEX_POINT('',#1366);
#1369=VERTEX_POINT('',#1367);
#1370=CARTESIAN_POINT('',(3.060988278549E1,7.E0,-3.3E1));
#1371=CARTESIAN_POINT('',(2.539011721451E1,7.E0,-3.3E1));
#1372=VERTEX_POINT('',#1370);
#1373=VERTEX_POINT('',#1371);
#1374=CARTESIAN_POINT('',(2.9E1,7.E0,-3.3E1));
#1375=CARTESIAN_POINT('',(2.7E1,7.E0,-3.3E1));
#1376=VERTEX_POINT('',#1374);
#1377=VERTEX_POINT('',#1375);
#1378=CARTESIAN_POINT('',(1.236098827855E2,7.E0,-3.3E1));
#1379=CARTESIAN_POINT('',(1.183901172145E2,7.E0,-3.3E1));
#1380=VERTEX_POINT('',#1378);
#1381=VERTEX_POINT('',#1379);
#1382=CARTESIAN_POINT('',(1.22E2,7.E0,-3.3E1));
#1383=CARTESIAN_POINT('',(1.2E2,7.E0,-3.3E1));
#1384=VERTEX_POINT('',#1382);
#1385=VERTEX_POINT('',#1383);
#1386=CARTESIAN_POINT('',(3.073238888245E1,3.E0,-9.1E1));
#1387=CARTESIAN_POINT('',(2.526761111755E1,3.E0,-9.1E1));
#1388=VERTEX_POINT('',#1386);
#1389=VERTEX_POINT('',#1387);
#1390=CARTESIAN_POINT('',(2.7E1,3.E0,-9.1E1));
#1391=CARTESIAN_POINT('',(2.9E1,3.E0,-9.1E1));
#1392=VERTEX_POINT('',#1390);
#1393=VERTEX_POINT('',#1391);
#1394=CARTESIAN_POINT('',(1.237323888824E2,3.E0,-9.1E1));
#1395=CARTESIAN_POINT('',(1.182676111176E2,3.E0,-9.1E1));
#1396=VERTEX_POINT('',#1394);
#1397=VERTEX_POINT('',#1395);
#1398=CARTESIAN_POINT('',(1.2E2,3.E0,-9.1E1));
#1399=CARTESIAN_POINT('',(1.22E2,3.E0,-9.1E1));
#1400=VERTEX_POINT('',#1398);
#1401=VERTEX_POINT('',#1399);
#1402=CARTESIAN_POINT('',(3.060988278549E1,3.E0,-3.3E1));
#1403=CARTESIAN_POINT('',(2.539011721451E1,3.E0,-3.3E1));
#1404=VERTEX_POINT('',#1402);
#1405=VERTEX_POINT('',#1403);
#1406=CARTESIAN_POINT('',(2.7E1,3.E0,-3.3E1));
#1407=CARTESIAN_POINT('',(2.9E1,3.E0,-3.3E1));
#1408=VERTEX_POINT('',#1406);
#1409=VERTEX_POINT('',#1407);
#1410=CARTESIAN_POINT('',(1.236098827855E2,3.E0,-3.3E1));
#1411=CARTESIAN_POINT('',(1.183901172145E2,3.E0,-3.3E1));
#1412=VERTEX_POINT('',#1410);
#1413=VERTEX_POINT('',#1411);
#1414=CARTESIAN_POINT('',(1.2E2,3.E0,-3.3E1));
#1415=CARTESIAN_POINT('',(1.22E2,3.E0,-3.3E1));
#1416=VERTEX_POINT('',#1414);
#1417=VERTEX_POINT('',#1415);
#1418=CARTESIAN_POINT('',(4.95E1,8.5E0,-1.05E2));
#1419=CARTESIAN_POINT('',(3.45E1,8.5E0,-1.05E2));
#1420=VERTEX_POINT('',#1418);
#1421=VERTEX_POINT('',#1419);
#1422=CARTESIAN_POINT('',(3.45E1,1.75E1,-1.05E2));
#1423=VERTEX_POINT('',#1422);
#1424=CARTESIAN_POINT('',(4.95E1,1.75E1,-1.05E2));
#1425=VERTEX_POINT('',#1424);
#1426=CARTESIAN_POINT('',(4.95E1,8.5E0,-1.02E2));
#1427=CARTESIAN_POINT('',(3.45E1,8.5E0,-1.02E2));
#1428=VERTEX_POINT('',#1426);
#1429=VERTEX_POINT('',#1427);
#1430=CARTESIAN_POINT('',(3.45E1,1.75E1,-1.02E2));
#1431=VERTEX_POINT('',#1430);
#1432=CARTESIAN_POINT('',(4.95E1,1.75E1,-1.02E2));
#1433=VERTEX_POINT('',#1432);
#1434=CARTESIAN_POINT('',(6.325229990998E1,1.737784148482E1,-1.05E2));
#1435=CARTESIAN_POINT('',(6.325229990998E1,1.087784148482E1,-1.05E2));
#1436=VERTEX_POINT('',#1434);
#1437=VERTEX_POINT('',#1435);
#1438=CARTESIAN_POINT('',(7.672181205801E1,1.737784148482E1,-1.05E2));
#1439=CARTESIAN_POINT('',(7.672181205801E1,1.087784148482E1,-1.05E2));
#1440=VERTEX_POINT('',#1438);
#1441=VERTEX_POINT('',#1439);
#1442=CARTESIAN_POINT('',(6.325229990998E1,1.737784148482E1,-1.02E2));
#1443=CARTESIAN_POINT('',(6.325229990998E1,1.087784148482E1,-1.02E2));
#1444=VERTEX_POINT('',#1442);
#1445=VERTEX_POINT('',#1443);
#1446=CARTESIAN_POINT('',(7.672181205801E1,1.737784148482E1,-1.02E2));
#1447=CARTESIAN_POINT('',(7.672181205801E1,1.087784148482E1,-1.02E2));
#1448=VERTEX_POINT('',#1446);
#1449=VERTEX_POINT('',#1447);
#1450=CARTESIAN_POINT('',(1.284815887960E2,1.75E1,-1.05E2));
#1451=CARTESIAN_POINT('',(1.094815887960E2,1.75E1,-1.05E2));
#1452=VERTEX_POINT('',#1450);
#1453=VERTEX_POINT('',#1451);
#1454=CARTESIAN_POINT('',(1.054815887960E2,1.75E1,-1.025E2));
#1455=CARTESIAN_POINT('',(1.324815887960E2,1.75E1,-1.025E2));
#1456=VERTEX_POINT('',#1454);
#1457=VERTEX_POINT('',#1455);
#1458=CARTESIAN_POINT('',(1.054815887960E2,1.75E1,-1.02E2));
#1459=CARTESIAN_POINT('',(1.324815887960E2,1.75E1,-1.02E2));
#1460=VERTEX_POINT('',#1458);
#1461=VERTEX_POINT('',#1459);
#1462=CARTESIAN_POINT('',(1.284815887960E2,1.75E1,-1.025E2));
#1463=CARTESIAN_POINT('',(1.094815887960E2,1.75E1,-1.025E2));
#1464=VERTEX_POINT('',#1462);
#1465=VERTEX_POINT('',#1463);
#1466=CARTESIAN_POINT('',(3.912658223900E1,3.3E1,-8.E0));
#1467=CARTESIAN_POINT('',(2.5E1,3.3E1,-8.E0));
#1468=VERTEX_POINT('',#1466);
#1469=VERTEX_POINT('',#1467);
#1470=CARTESIAN_POINT('',(1.25E2,3.3E1,-8.E0));
#1471=CARTESIAN_POINT('',(1.108734177610E2,3.3E1,-8.E0));
#1472=VERTEX_POINT('',#1470);
#1473=VERTEX_POINT('',#1471);
#1474=CARTESIAN_POINT('',(3.912658223900E1,3.E0,-3.E0));
#1475=CARTESIAN_POINT('',(3.912658223900E1,3.E0,-8.E0));
#1476=VERTEX_POINT('',#1474);
#1477=VERTEX_POINT('',#1475);
#1478=CARTESIAN_POINT('',(2.5E1,3.E0,-8.E0));
#1479=VERTEX_POINT('',#1478);
#1480=CARTESIAN_POINT('',(2.5E1,3.E0,-3.E0));
#1481=VERTEX_POINT('',#1480);
#1482=CARTESIAN_POINT('',(1.25E2,3.E0,-3.E0));
#1483=CARTESIAN_POINT('',(1.25E2,3.E0,-8.E0));
#1484=VERTEX_POINT('',#1482);
#1485=VERTEX_POINT('',#1483);
#1486=CARTESIAN_POINT('',(1.108734177610E2,3.E0,-8.E0));
#1487=VERTEX_POINT('',#1486);
#1488=CARTESIAN_POINT('',(1.108734177610E2,3.E0,-3.E0));
#1489=VERTEX_POINT('',#1488);
#1490=CARTESIAN_POINT('',(2.5E1,3.3E1,-3.E0));
#1491=CARTESIAN_POINT('',(3.912658223900E1,3.3E1,-3.E0));
#1492=VERTEX_POINT('',#1490);
#1493=VERTEX_POINT('',#1491);
#1494=CARTESIAN_POINT('',(1.108734177610E2,3.3E1,-3.E0));
#1495=CARTESIAN_POINT('',(1.25E2,3.3E1,-3.E0));
#1496=VERTEX_POINT('',#1494);
#1497=VERTEX_POINT('',#1495);
#1498=CARTESIAN_POINT('',(9.E1,7.E0,-1.8E1));
#1499=CARTESIAN_POINT('',(6.E1,7.E0,-1.8E1));
#1500=VERTEX_POINT('',#1498);
#1501=VERTEX_POINT('',#1499);
#1502=CARTESIAN_POINT('',(9.E1,3.E0,-3.E0));
#1503=CARTESIAN_POINT('',(9.E1,3.E0,-1.8E1));
#1504=VERTEX_POINT('',#1502);
#1505=VERTEX_POINT('',#1503);
#1506=CARTESIAN_POINT('',(6.E1,3.E0,-1.8E1));
#1507=VERTEX_POINT('',#1506);
#1508=CARTESIAN_POINT('',(6.E1,3.E0,-3.E0));
#1509=VERTEX_POINT('',#1508);
#1510=CARTESIAN_POINT('',(3.200653088903E1,3.3E1,-6.427045569526E0));
#1511=CARTESIAN_POINT('',(3.200653088903E1,3.3E1,-4.427045569526E0));
#1512=VERTEX_POINT('',#1510);
#1513=VERTEX_POINT('',#1511);
#1514=CARTESIAN_POINT('',(1.179934691110E2,3.3E1,-6.427045569526E0));
#1515=CARTESIAN_POINT('',(1.179934691110E2,3.3E1,-4.427045569526E0));
#1516=VERTEX_POINT('',#1514);
#1517=VERTEX_POINT('',#1515);
#1518=CARTESIAN_POINT('',(3.200653088903E1,3.E0,-4.427045569526E0));
#1519=CARTESIAN_POINT('',(3.200653088903E1,3.E0,-6.427045569526E0));
#1520=VERTEX_POINT('',#1518);
#1521=VERTEX_POINT('',#1519);
#1522=CARTESIAN_POINT('',(1.179934691110E2,3.E0,-4.427045569526E0));
#1523=CARTESIAN_POINT('',(1.179934691110E2,3.E0,-6.427045569526E0));
#1524=VERTEX_POINT('',#1522);
#1525=VERTEX_POINT('',#1523);
#1526=CARTESIAN_POINT('',(9.E1,3.3E1,-1.5E1));
#1527=CARTESIAN_POINT('',(8.5E1,3.3E1,-1.5E1));
#1528=VERTEX_POINT('',#1526);
#1529=VERTEX_POINT('',#1527);
#1530=CARTESIAN_POINT('',(8.5E1,3.3E1,-6.2E0));
#1531=VERTEX_POINT('',#1530);
#1532=CARTESIAN_POINT('',(8.67E1,3.3E1,-6.2E0));
#1533=VERTEX_POINT('',#1532);
#1534=CARTESIAN_POINT('',(6.33E1,3.3E1,-6.2E0));
#1535=CARTESIAN_POINT('',(6.5E1,3.3E1,-6.2E0));
#1536=VERTEX_POINT('',#1534);
#1537=VERTEX_POINT('',#1535);
#1538=CARTESIAN_POINT('',(6.5E1,3.3E1,-1.5E1));
#1539=VERTEX_POINT('',#1538);
#1540=CARTESIAN_POINT('',(6.E1,3.3E1,-1.5E1));
#1541=VERTEX_POINT('',#1540);
#1542=CARTESIAN_POINT('',(8.67E1,7.E0,-3.E0));
#1543=CARTESIAN_POINT('',(8.67E1,3.3E1,-3.E0));
#1544=VERTEX_POINT('',#1542);
#1545=VERTEX_POINT('',#1543);
#1546=CARTESIAN_POINT('',(6.33E1,7.E0,-3.E0));
#1547=CARTESIAN_POINT('',(6.33E1,3.3E1,-3.E0));
#1548=VERTEX_POINT('',#1546);
#1549=VERTEX_POINT('',#1547);
#1550=CARTESIAN_POINT('',(9.E1,3.3E1,-3.E0));
#1551=VERTEX_POINT('',#1550);
#1552=CARTESIAN_POINT('',(6.E1,3.3E1,-3.E0));
#1553=VERTEX_POINT('',#1552);
#1554=CARTESIAN_POINT('',(9.E1,7.E0,-1.5E1));
#1555=CARTESIAN_POINT('',(8.5E1,7.E0,-1.5E1));
#1556=VERTEX_POINT('',#1554);
#1557=VERTEX_POINT('',#1555);
#1558=CARTESIAN_POINT('',(8.5E1,7.E0,-6.2E0));
#1559=VERTEX_POINT('',#1558);
#1560=CARTESIAN_POINT('',(8.67E1,7.E0,-6.2E0));
#1561=VERTEX_POINT('',#1560);
#1562=CARTESIAN_POINT('',(6.33E1,7.E0,-6.2E0));
#1563=VERTEX_POINT('',#1562);
#1564=CARTESIAN_POINT('',(6.5E1,7.E0,-6.2E0));
#1565=VERTEX_POINT('',#1564);
#1566=CARTESIAN_POINT('',(6.5E1,7.E0,-1.5E1));
#1567=VERTEX_POINT('',#1566);
#1568=CARTESIAN_POINT('',(6.E1,7.E0,-1.5E1));
#1569=VERTEX_POINT('',#1568);
#1570=CARTESIAN_POINT('',(0.E0,0.E0,0.E0));
#1571=DIRECTION('',(0.E0,1.E0,0.E0));
#1572=DIRECTION('',(1.E0,0.E0,0.E0));
#1573=AXIS2_PLACEMENT_3D('',#1570,#1571,#1572);
#1574=PLANE('',#1573);
#1576=ORIENTED_EDGE('',*,*,#1575,.T.);
#1578=ORIENTED_EDGE('',*,*,#1577,.T.);
#1580=ORIENTED_EDGE('',*,*,#1579,.T.);
#1582=ORIENTED_EDGE('',*,*,#1581,.T.);
#1584=ORIENTED_EDGE('',*,*,#1583,.T.);
#1586=ORIENTED_EDGE('',*,*,#1585,.T.);
#1587=EDGE_LOOP('',(#1576,#1578,#1580,#1582,#1584,#1586));
#1588=FACE_OUTER_BOUND('',#1587,.F.);
#1589=ADVANCED_FACE('',(#1588),#1574,.F.);
#1590=CARTESIAN_POINT('',(2.5E1,0.E0,0.E0));
#1591=DIRECTION('',(0.E0,0.E0,1.E0));
#1592=DIRECTION('',(1.E0,0.E0,0.E0));
#1593=AXIS2_PLACEMENT_3D('',#1590,#1591,#1592);
#1594=PLANE('',#1593);
#1595=ORIENTED_EDGE('',*,*,#1575,.F.);
#1597=ORIENTED_EDGE('',*,*,#1596,.T.);
#1599=ORIENTED_EDGE('',*,*,#1598,.T.);
#1601=ORIENTED_EDGE('',*,*,#1600,.F.);
#1602=EDGE_LOOP('',(#1595,#1597,#1599,#1601));
#1603=FACE_OUTER_BOUND('',#1602,.F.);
#1605=ORIENTED_EDGE('',*,*,#1604,.T.);
#1607=ORIENTED_EDGE('',*,*,#1606,.T.);
#1608=EDGE_LOOP('',(#1605,#1607));
#1609=FACE_BOUND('',#1608,.F.);
#1610=ADVANCED_FACE('',(#1603,#1609),#1594,.T.);
#1611=CARTESIAN_POINT('',(2.5E1,0.E0,-2.5E1));
#1612=DIRECTION('',(0.E0,1.E0,0.E0));
#1613=DIRECTION('',(1.E0,0.E0,0.E0));
#1614=AXIS2_PLACEMENT_3D('',#1611,#1612,#1613);
#1615=CYLINDRICAL_SURFACE('',#1614,2.5E1);
#1616=ORIENTED_EDGE('',*,*,#1585,.F.);
#1618=ORIENTED_EDGE('',*,*,#1617,.T.);
#1620=ORIENTED_EDGE('',*,*,#1619,.T.);
#1621=ORIENTED_EDGE('',*,*,#1596,.F.);
#1622=EDGE_LOOP('',(#1616,#1618,#1620,#1621));
#1623=FACE_OUTER_BOUND('',#1622,.F.);
#1624=ADVANCED_FACE('',(#1623),#1615,.T.);
#1625=CARTESIAN_POINT('',(0.E0,0.E0,-1.05E2));
#1626=DIRECTION('',(-1.E0,0.E0,0.E0));
#1627=DIRECTION('',(0.E0,0.E0,1.E0));
#1628=AXIS2_PLACEMENT_3D('',#1625,#1626,#1627);
#1629=PLANE('',#1628);
#1630=ORIENTED_EDGE('',*,*,#1583,.F.);
#1632=ORIENTED_EDGE('',*,*,#1631,.T.);
#1634=ORIENTED_EDGE('',*,*,#1633,.T.);
#1635=ORIENTED_EDGE('',*,*,#1617,.F.);
#1636=EDGE_LOOP('',(#1630,#1632,#1634,#1635));
#1637=FACE_OUTER_BOUND('',#1636,.F.);
#1638=ADVANCED_FACE('',(#1637),#1629,.T.);
#1639=CARTESIAN_POINT('',(1.5E2,0.E0,-1.05E2));
#1640=DIRECTION('',(0.E0,0.E0,-1.E0));
#1641=DIRECTION('',(-1.E0,0.E0,0.E0));
#1642=AXIS2_PLACEMENT_3D('',#1639,#1640,#1641);
#1643=PLANE('',#1642);
#1644=ORIENTED_EDGE('',*,*,#1581,.F.);
#1646=ORIENTED_EDGE('',*,*,#1645,.T.);
#1648=ORIENTED_EDGE('',*,*,#1647,.T.);
#1649=ORIENTED_EDGE('',*,*,#1631,.F.);
#1650=EDGE_LOOP('',(#1644,#1646,#1648,#1649));
#1651=FACE_OUTER_BOUND('',#1650,.F.);
#1653=ORIENTED_EDGE('',*,*,#1652,.T.);
#1655=ORIENTED_EDGE('',*,*,#1654,.T.);
#1657=ORIENTED_EDGE('',*,*,#1656,.T.);
#1659=ORIENTED_EDGE('',*,*,#1658,.T.);
#1660=EDGE_LOOP('',(#1653,#1655,#1657,#1659));
#1661=FACE_BOUND('',#1660,.F.);
#1663=ORIENTED_EDGE('',*,*,#1662,.T.);
#1665=ORIENTED_EDGE('',*,*,#1664,.T.);
#1666=EDGE_LOOP('',(#1663,#1665));
#1667=FACE_BOUND('',#1666,.F.);
#1669=ORIENTED_EDGE('',*,*,#1668,.T.);
#1671=ORIENTED_EDGE('',*,*,#1670,.T.);
#1672=EDGE_LOOP('',(#1669,#1671));
#1673=FACE_BOUND('',#1672,.F.);
#1675=ORIENTED_EDGE('',*,*,#1674,.F.);
#1677=ORIENTED_EDGE('',*,*,#1676,.F.);
#1678=EDGE_LOOP('',(#1675,#1677));
#1679=FACE_BOUND('',#1678,.F.);
#1680=ADVANCED_FACE('',(#1651,#1661,#1667,#1673,#1679),#1643,.T.);
#1681=CARTESIAN_POINT('',(1.5E2,0.E0,-2.5E1));
#1682=DIRECTION('',(1.E0,0.E0,0.E0));
#1683=DIRECTION('',(0.E0,0.E0,-1.E0));
#1684=AXIS2_PLACEMENT_3D('',#1681,#1682,#1683);
#1685=PLANE('',#1684);
#1686=ORIENTED_EDGE('',*,*,#1579,.F.);
#1688=ORIENTED_EDGE('',*,*,#1687,.T.);
#1690=ORIENTED_EDGE('',*,*,#1689,.T.);
#1691=ORIENTED_EDGE('',*,*,#1645,.F.);
#1692=EDGE_LOOP('',(#1686,#1688,#1690,#1691));
#1693=FACE_OUTER_BOUND('',#1692,.F.);
#1694=ADVANCED_FACE('',(#1693),#1685,.T.);
#1695=CARTESIAN_POINT('',(1.25E2,0.E0,-2.5E1));
#1696=DIRECTION('',(0.E0,1.E0,0.E0));
#1697=DIRECTION('',(1.E0,0.E0,0.E0));
#1698=AXIS2_PLACEMENT_3D('',#1695,#1696,#1697);
#1699=CYLINDRICAL_SURFACE('',#1698,2.5E1);
#1700=ORIENTED_EDGE('',*,*,#1577,.F.);
#1701=ORIENTED_EDGE('',*,*,#1600,.T.);
#1703=ORIENTED_EDGE('',*,*,#1702,.T.);
#1704=ORIENTED_EDGE('',*,*,#1687,.F.);
#1705=EDGE_LOOP('',(#1700,#1701,#1703,#1704));
#1706=FACE_OUTER_BOUND('',#1705,.F.);
#1707=ADVANCED_FACE('',(#1706),#1699,.T.);
#1708=CARTESIAN_POINT('',(0.E0,3.5E1,0.E0));
#1709=DIRECTION('',(0.E0,1.E0,0.E0));
#1710=DIRECTION('',(1.E0,0.E0,0.E0));
#1711=AXIS2_PLACEMENT_3D('',#1708,#1709,#1710);
#1712=PLANE('',#1711);
#1713=ORIENTED_EDGE('',*,*,#1598,.F.);
#1714=ORIENTED_EDGE('',*,*,#1619,.F.);
#1715=ORIENTED_EDGE('',*,*,#1633,.F.);
#1716=ORIENTED_EDGE('',*,*,#1647,.F.);
#1717=ORIENTED_EDGE('',*,*,#1689,.F.);
#1718=ORIENTED_EDGE('',*,*,#1702,.F.);
#1719=EDGE_LOOP('',(#1713,#1714,#1715,#1716,#1717,#1718));
#1720=FACE_OUTER_BOUND('',#1719,.F.);
#1722=ORIENTED_EDGE('',*,*,#1721,.T.);
#1724=ORIENTED_EDGE('',*,*,#1723,.T.);
#1726=ORIENTED_EDGE('',*,*,#1725,.T.);
#1728=ORIENTED_EDGE('',*,*,#1727,.T.);
#1730=ORIENTED_EDGE('',*,*,#1729,.T.);
#1732=ORIENTED_EDGE('',*,*,#1731,.T.);
#1733=EDGE_LOOP('',(#1722,#1724,#1726,#1728,#1730,#1732));
#1734=FACE_BOUND('',#1733,.F.);
#1735=ADVANCED_FACE('',(#1720,#1734),#1712,.T.);
#1736=CARTESIAN_POINT('',(2.5E1,0.E0,-3.E0));
#1737=DIRECTION('',(0.E0,0.E0,1.E0));
#1738=DIRECTION('',(1.E0,0.E0,0.E0));
#1739=AXIS2_PLACEMENT_3D('',#1736,#1737,#1738);
#1740=PLANE('',#1739);
#1742=ORIENTED_EDGE('',*,*,#1741,.F.);
#1744=ORIENTED_EDGE('',*,*,#1743,.T.);
#1746=ORIENTED_EDGE('',*,*,#1745,.T.);
#1748=ORIENTED_EDGE('',*,*,#1747,.T.);
#1750=ORIENTED_EDGE('',*,*,#1749,.T.);
#1751=ORIENTED_EDGE('',*,*,#1721,.F.);
#1753=ORIENTED_EDGE('',*,*,#1752,.F.);
#1755=ORIENTED_EDGE('',*,*,#1754,.T.);
#1757=ORIENTED_EDGE('',*,*,#1756,.F.);
#1759=ORIENTED_EDGE('',*,*,#1758,.T.);
#1761=ORIENTED_EDGE('',*,*,#1760,.F.);
#1763=ORIENTED_EDGE('',*,*,#1762,.F.);
#1765=ORIENTED_EDGE('',*,*,#1764,.F.);
#1767=ORIENTED_EDGE('',*,*,#1766,.F.);
#1769=ORIENTED_EDGE('',*,*,#1768,.T.);
#1771=ORIENTED_EDGE('',*,*,#1770,.F.);
#1772=EDGE_LOOP('',(#1742,#1744,#1746,#1748,#1750,#1751,#1753,#1755,#1757,#1759,
#1761,#1763,#1765,#1767,#1769,#1771));
#1773=FACE_OUTER_BOUND('',#1772,.F.);
#1775=ORIENTED_EDGE('',*,*,#1774,.F.);
#1777=ORIENTED_EDGE('',*,*,#1776,.F.);
#1778=EDGE_LOOP('',(#1775,#1777));
#1779=FACE_BOUND('',#1778,.F.);
#1780=ADVANCED_FACE('',(#1773,#1779),#1740,.F.);
#1781=CARTESIAN_POINT('',(7.5E1,1.75E1,0.E0));
#1782=DIRECTION('',(0.E0,0.E0,1.E0));
#1783=DIRECTION('',(1.E0,0.E0,0.E0));
#1784=AXIS2_PLACEMENT_3D('',#1781,#1782,#1783);
#1785=CYLINDRICAL_SURFACE('',#1784,5.5E0);
#1786=ORIENTED_EDGE('',*,*,#1604,.F.);
#1788=ORIENTED_EDGE('',*,*,#1787,.T.);
#1789=ORIENTED_EDGE('',*,*,#1774,.T.);
#1791=ORIENTED_EDGE('',*,*,#1790,.F.);
#1792=EDGE_LOOP('',(#1786,#1788,#1789,#1791));
#1793=FACE_OUTER_BOUND('',#1792,.F.);
#1794=ADVANCED_FACE('',(#1793),#1785,.F.);
#1795=CARTESIAN_POINT('',(7.5E1,1.75E1,0.E0));
#1796=DIRECTION('',(0.E0,0.E0,1.E0));
#1797=DIRECTION('',(1.E0,0.E0,0.E0));
#1798=AXIS2_PLACEMENT_3D('',#1795,#1796,#1797);
#1799=CYLINDRICAL_SURFACE('',#1798,5.5E0);
#1800=ORIENTED_EDGE('',*,*,#1606,.F.);
#1801=ORIENTED_EDGE('',*,*,#1790,.T.);
#1802=ORIENTED_EDGE('',*,*,#1776,.T.);
#1803=ORIENTED_EDGE('',*,*,#1787,.F.);
#1804=EDGE_LOOP('',(#1800,#1801,#1802,#1803));
#1805=FACE_OUTER_BOUND('',#1804,.F.);
#1806=ADVANCED_FACE('',(#1805),#1799,.F.);
#1807=CARTESIAN_POINT('',(9.E1,3.E0,-3.E0));
#1808=DIRECTION('',(1.E0,0.E0,0.E0));
#1809=DIRECTION('',(0.E0,0.E0,-1.E0));
#1810=AXIS2_PLACEMENT_3D('',#1807,#1808,#1809);
#1811=PLANE('',#1810);
#1812=ORIENTED_EDGE('',*,*,#1741,.T.);
#1814=ORIENTED_EDGE('',*,*,#1813,.T.);
#1816=ORIENTED_EDGE('',*,*,#1815,.F.);
#1818=ORIENTED_EDGE('',*,*,#1817,.T.);
#1820=ORIENTED_EDGE('',*,*,#1819,.F.);
#1822=ORIENTED_EDGE('',*,*,#1821,.F.);
#1823=EDGE_LOOP('',(#1812,#1814,#1816,#1818,#1820,#1822));
#1824=FACE_OUTER_BOUND('',#1823,.F.);
#1825=ADVANCED_FACE('',(#1824),#1811,.T.);
#1826=CARTESIAN_POINT('',(0.E0,3.3E1,0.E0));
#1827=DIRECTION('',(0.E0,1.E0,0.E0));
#1828=DIRECTION('',(0.E0,0.E0,-1.E0));
#1829=AXIS2_PLACEMENT_3D('',#1826,#1827,#1828);
#1830=PLANE('',#1829);
#1831=ORIENTED_EDGE('',*,*,#1770,.T.);
#1833=ORIENTED_EDGE('',*,*,#1832,.F.);
#1835=ORIENTED_EDGE('',*,*,#1834,.F.);
#1837=ORIENTED_EDGE('',*,*,#1836,.F.);
#1839=ORIENTED_EDGE('',*,*,#1838,.F.);
#1840=ORIENTED_EDGE('',*,*,#1813,.F.);
#1841=EDGE_LOOP('',(#1831,#1833,#1835,#1837,#1839,#1840));
#1842=FACE_OUTER_BOUND('',#1841,.F.);
#1843=ADVANCED_FACE('',(#1842),#1830,.T.);
#1844=CARTESIAN_POINT('',(0.E0,3.3E1,0.E0));
#1845=DIRECTION('',(0.E0,1.E0,0.E0));
#1846=DIRECTION('',(0.E0,0.E0,-1.E0));
#1847=AXIS2_PLACEMENT_3D('',#1844,#1845,#1846);
#1848=PLANE('',#1847);
#1849=ORIENTED_EDGE('',*,*,#1762,.T.);
#1851=ORIENTED_EDGE('',*,*,#1850,.F.);
#1853=ORIENTED_EDGE('',*,*,#1852,.F.);
#1855=ORIENTED_EDGE('',*,*,#1854,.F.);
#1857=ORIENTED_EDGE('',*,*,#1856,.F.);
#1859=ORIENTED_EDGE('',*,*,#1858,.F.);
#1860=EDGE_LOOP('',(#1849,#1851,#1853,#1855,#1857,#1859));
#1861=FACE_OUTER_BOUND('',#1860,.F.);
#1862=ADVANCED_FACE('',(#1861),#1848,.T.);
#1863=CARTESIAN_POINT('',(8.67E1,7.E0,-6.2E0));
#1864=DIRECTION('',(-1.E0,0.E0,0.E0));
#1865=DIRECTION('',(0.E0,0.E0,1.E0));
#1866=AXIS2_PLACEMENT_3D('',#1863,#1864,#1865);
#1867=PLANE('',#1866);
#1868=ORIENTED_EDGE('',*,*,#1768,.F.);
#1870=ORIENTED_EDGE('',*,*,#1869,.T.);
#1872=ORIENTED_EDGE('',*,*,#1871,.T.);
#1873=ORIENTED_EDGE('',*,*,#1832,.T.);
#1874=EDGE_LOOP('',(#1868,#1870,#1872,#1873));
#1875=FACE_OUTER_BOUND('',#1874,.F.);
#1876=ADVANCED_FACE('',(#1875),#1867,.T.);
#1877=CARTESIAN_POINT('',(0.E0,7.E0,0.E0));
#1878=DIRECTION('',(0.E0,1.E0,0.E0));
#1879=DIRECTION('',(0.E0,0.E0,-1.E0));
#1880=AXIS2_PLACEMENT_3D('',#1877,#1878,#1879);
#1881=PLANE('',#1880);
#1883=ORIENTED_EDGE('',*,*,#1882,.T.);
#1885=ORIENTED_EDGE('',*,*,#1884,.T.);
#1887=ORIENTED_EDGE('',*,*,#1886,.T.);
#1888=ORIENTED_EDGE('',*,*,#1869,.F.);
#1889=ORIENTED_EDGE('',*,*,#1766,.T.);
#1891=ORIENTED_EDGE('',*,*,#1890,.T.);
#1893=ORIENTED_EDGE('',*,*,#1892,.T.);
#1895=ORIENTED_EDGE('',*,*,#1894,.T.);
#1897=ORIENTED_EDGE('',*,*,#1896,.F.);
#1899=ORIENTED_EDGE('',*,*,#1898,.F.);
#1901=ORIENTED_EDGE('',*,*,#1900,.F.);
#1902=ORIENTED_EDGE('',*,*,#1817,.F.);
#1903=EDGE_LOOP('',(#1883,#1885,#1887,#1888,#1889,#1891,#1893,#1895,#1897,#1899,
#1901,#1902));
#1904=FACE_OUTER_BOUND('',#1903,.F.);
#1905=ADVANCED_FACE('',(#1904),#1881,.T.);
#1906=CARTESIAN_POINT('',(9.E1,7.E0,-1.5E1));
#1907=DIRECTION('',(0.E0,0.E0,-1.E0));
#1908=DIRECTION('',(-1.E0,0.E0,0.E0));
#1909=AXIS2_PLACEMENT_3D('',#1906,#1907,#1908);
#1910=PLANE('',#1909);
#1911=ORIENTED_EDGE('',*,*,#1882,.F.);
#1912=ORIENTED_EDGE('',*,*,#1815,.T.);
#1913=ORIENTED_EDGE('',*,*,#1838,.T.);
#1915=ORIENTED_EDGE('',*,*,#1914,.F.);
#1916=EDGE_LOOP('',(#1911,#1912,#1913,#1915));
#1917=FACE_OUTER_BOUND('',#1916,.F.);
#1918=ADVANCED_FACE('',(#1917),#1910,.T.);
#1919=CARTESIAN_POINT('',(8.5E1,7.E0,-1.5E1));
#1920=DIRECTION('',(-1.E0,0.E0,0.E0));
#1921=DIRECTION('',(0.E0,0.E0,1.E0));
#1922=AXIS2_PLACEMENT_3D('',#1919,#1920,#1921);
#1923=PLANE('',#1922);
#1924=ORIENTED_EDGE('',*,*,#1884,.F.);
#1925=ORIENTED_EDGE('',*,*,#1914,.T.);
#1926=ORIENTED_EDGE('',*,*,#1836,.T.);
#1928=ORIENTED_EDGE('',*,*,#1927,.F.);
#1929=EDGE_LOOP('',(#1924,#1925,#1926,#1928));
#1930=FACE_OUTER_BOUND('',#1929,.F.);
#1931=ADVANCED_FACE('',(#1930),#1923,.T.);
#1932=CARTESIAN_POINT('',(8.5E1,7.E0,-6.2E0));
#1933=DIRECTION('',(0.E0,0.E0,1.E0));
#1934=DIRECTION('',(1.E0,0.E0,0.E0));
#1935=AXIS2_PLACEMENT_3D('',#1932,#1933,#1934);
#1936=PLANE('',#1935);
#1937=ORIENTED_EDGE('',*,*,#1886,.F.);
#1938=ORIENTED_EDGE('',*,*,#1927,.T.);
#1939=ORIENTED_EDGE('',*,*,#1834,.T.);
#1940=ORIENTED_EDGE('',*,*,#1871,.F.);
#1941=EDGE_LOOP('',(#1937,#1938,#1939,#1940));
#1942=FACE_OUTER_BOUND('',#1941,.F.);
#1943=ADVANCED_FACE('',(#1942),#1936,.T.);
#1944=CARTESIAN_POINT('',(6.33E1,7.E0,-3.E0));
#1945=DIRECTION('',(1.E0,0.E0,0.E0));
#1946=DIRECTION('',(0.E0,0.E0,-1.E0));
#1947=AXIS2_PLACEMENT_3D('',#1944,#1945,#1946);
#1948=PLANE('',#1947);
#1949=ORIENTED_EDGE('',*,*,#1764,.T.);
#1950=ORIENTED_EDGE('',*,*,#1858,.T.);
#1952=ORIENTED_EDGE('',*,*,#1951,.F.);
#1953=ORIENTED_EDGE('',*,*,#1890,.F.);
#1954=EDGE_LOOP('',(#1949,#1950,#1952,#1953));
#1955=FACE_OUTER_BOUND('',#1954,.F.);
#1956=ADVANCED_FACE('',(#1955),#1948,.T.);
#1957=CARTESIAN_POINT('',(6.33E1,7.E0,-6.2E0));
#1958=DIRECTION('',(0.E0,0.E0,1.E0));
#1959=DIRECTION('',(1.E0,0.E0,0.E0));
#1960=AXIS2_PLACEMENT_3D('',#1957,#1958,#1959);
#1961=PLANE('',#1960);
#1962=ORIENTED_EDGE('',*,*,#1892,.F.);
#1963=ORIENTED_EDGE('',*,*,#1951,.T.);
#1964=ORIENTED_EDGE('',*,*,#1856,.T.);
#1966=ORIENTED_EDGE('',*,*,#1965,.F.);
#1967=EDGE_LOOP('',(#1962,#1963,#1964,#1966));
#1968=FACE_OUTER_BOUND('',#1967,.F.);
#1969=ADVANCED_FACE('',(#1968),#1961,.T.);
#1970=CARTESIAN_POINT('',(6.5E1,7.E0,-6.2E0));
#1971=DIRECTION('',(1.E0,0.E0,0.E0));
#1972=DIRECTION('',(0.E0,0.E0,-1.E0));
#1973=AXIS2_PLACEMENT_3D('',#1970,#1971,#1972);
#1974=PLANE('',#1973);
#1975=ORIENTED_EDGE('',*,*,#1894,.F.);
#1976=ORIENTED_EDGE('',*,*,#1965,.T.);
#1977=ORIENTED_EDGE('',*,*,#1854,.T.);
#1979=ORIENTED_EDGE('',*,*,#1978,.F.);
#1980=EDGE_LOOP('',(#1975,#1976,#1977,#1979));
#1981=FACE_OUTER_BOUND('',#1980,.F.);
#1982=ADVANCED_FACE('',(#1981),#1974,.T.);
#1983=CARTESIAN_POINT('',(6.5E1,7.E0,-1.5E1));
#1984=DIRECTION('',(0.E0,0.E0,-1.E0));
#1985=DIRECTION('',(-1.E0,0.E0,0.E0));
#1986=AXIS2_PLACEMENT_3D('',#1983,#1984,#1985);
#1987=PLANE('',#1986);
#1988=ORIENTED_EDGE('',*,*,#1896,.T.);
#1989=ORIENTED_EDGE('',*,*,#1978,.T.);
#1990=ORIENTED_EDGE('',*,*,#1852,.T.);
#1992=ORIENTED_EDGE('',*,*,#1991,.F.);
#1993=EDGE_LOOP('',(#1988,#1989,#1990,#1992));
#1994=FACE_OUTER_BOUND('',#1993,.F.);
#1995=ADVANCED_FACE('',(#1994),#1987,.T.);
#1996=CARTESIAN_POINT('',(6.E1,3.E0,-1.8E1));
#1997=DIRECTION('',(-1.E0,0.E0,0.E0));
#1998=DIRECTION('',(0.E0,0.E0,1.E0));
#1999=AXIS2_PLACEMENT_3D('',#1996,#1997,#1998);
#2000=PLANE('',#1999);
#2001=ORIENTED_EDGE('',*,*,#1898,.T.);
#2002=ORIENTED_EDGE('',*,*,#1991,.T.);
#2003=ORIENTED_EDGE('',*,*,#1850,.T.);
#2004=ORIENTED_EDGE('',*,*,#1760,.T.);
#2006=ORIENTED_EDGE('',*,*,#2005,.T.);
#2008=ORIENTED_EDGE('',*,*,#2007,.T.);
#2009=EDGE_LOOP('',(#2001,#2002,#2003,#2004,#2006,#2008));
#2010=FACE_OUTER_BOUND('',#2009,.F.);
#2011=ADVANCED_FACE('',(#2010),#2000,.T.);
#2012=CARTESIAN_POINT('',(0.E0,3.E0,0.E0));
#2013=DIRECTION('',(0.E0,1.E0,0.E0));
#2014=DIRECTION('',(1.E0,0.E0,0.E0));
#2015=AXIS2_PLACEMENT_3D('',#2012,#2013,#2014);
#2016=PLANE('',#2015);
#2018=ORIENTED_EDGE('',*,*,#2017,.T.);
#2020=ORIENTED_EDGE('',*,*,#2019,.T.);
#2022=ORIENTED_EDGE('',*,*,#2021,.F.);
#2024=ORIENTED_EDGE('',*,*,#2023,.F.);
#2025=EDGE_LOOP('',(#2018,#2020,#2022,#2024));
#2026=FACE_OUTER_BOUND('',#2025,.F.);
#2027=ADVANCED_FACE('',(#2026),#2016,.T.);
#2028=CARTESIAN_POINT('',(0.E0,3.E0,0.E0));
#2029=DIRECTION('',(0.E0,1.E0,0.E0));
#2030=DIRECTION('',(1.E0,0.E0,0.E0));
#2031=AXIS2_PLACEMENT_3D('',#2028,#2029,#2030);
#2032=PLANE('',#2031);
#2034=ORIENTED_EDGE('',*,*,#2033,.T.);
#2036=ORIENTED_EDGE('',*,*,#2035,.T.);
#2038=ORIENTED_EDGE('',*,*,#2037,.F.);
#2040=ORIENTED_EDGE('',*,*,#2039,.F.);
#2041=EDGE_LOOP('',(#2034,#2036,#2038,#2040));
#2042=FACE_OUTER_BOUND('',#2041,.F.);
#2043=ADVANCED_FACE('',(#2042),#2032,.T.);
#2044=CARTESIAN_POINT('',(0.E0,3.E0,0.E0));
#2045=DIRECTION('',(0.E0,1.E0,0.E0));
#2046=DIRECTION('',(1.E0,0.E0,0.E0));
#2047=AXIS2_PLACEMENT_3D('',#2044,#2045,#2046);
#2048=PLANE('',#2047);
#2050=ORIENTED_EDGE('',*,*,#2049,.F.);
#2052=ORIENTED_EDGE('',*,*,#2051,.F.);
#2053=EDGE_LOOP('',(#2050,#2052));
#2054=FACE_OUTER_BOUND('',#2053,.F.);
#2055=ADVANCED_FACE('',(#2054),#2048,.T.);
#2056=CARTESIAN_POINT('',(0.E0,3.E0,0.E0));
#2057=DIRECTION('',(0.E0,1.E0,0.E0));
#2058=DIRECTION('',(1.E0,0.E0,0.E0));
#2059=AXIS2_PLACEMENT_3D('',#2056,#2057,#2058);
#2060=PLANE('',#2059);
#2062=ORIENTED_EDGE('',*,*,#2061,.F.);
#2064=ORIENTED_EDGE('',*,*,#2063,.F.);
#2065=EDGE_LOOP('',(#2062,#2064));
#2066=FACE_OUTER_BOUND('',#2065,.F.);
#2067=ADVANCED_FACE('',(#2066),#2060,.T.);
#2068=CARTESIAN_POINT('',(0.E0,3.E0,0.E0));
#2069=DIRECTION('',(0.E0,1.E0,0.E0));
#2070=DIRECTION('',(1.E0,0.E0,0.E0));
#2071=AXIS2_PLACEMENT_3D('',#2068,#2069,#2070);
#2072=PLANE('',#2071);
#2074=ORIENTED_EDGE('',*,*,#2073,.F.);
#2076=ORIENTED_EDGE('',*,*,#2075,.F.);
#2077=EDGE_LOOP('',(#2074,#2076));
#2078=FACE_OUTER_BOUND('',#2077,.F.);
#2079=ADVANCED_FACE('',(#2078),#2072,.T.);
#2080=CARTESIAN_POINT('',(0.E0,3.E0,0.E0));
#2081=DIRECTION('',(0.E0,1.E0,0.E0));
#2082=DIRECTION('',(1.E0,0.E0,0.E0));
#2083=AXIS2_PLACEMENT_3D('',#2080,#2081,#2082);
#2084=PLANE('',#2083);
#2086=ORIENTED_EDGE('',*,*,#2085,.F.);
#2088=ORIENTED_EDGE('',*,*,#2087,.F.);
#2089=EDGE_LOOP('',(#2086,#2088));
#2090=FACE_OUTER_BOUND('',#2089,.F.);
#2091=ADVANCED_FACE('',(#2090),#2084,.T.);
#2092=CARTESIAN_POINT('',(0.E0,3.E0,0.E0));
#2093=DIRECTION('',(0.E0,1.E0,0.E0));
#2094=DIRECTION('',(1.E0,0.E0,0.E0));
#2095=AXIS2_PLACEMENT_3D('',#2092,#2093,#2094);
#2096=PLANE('',#2095);
#2098=ORIENTED_EDGE('',*,*,#2097,.F.);
#2100=ORIENTED_EDGE('',*,*,#2099,.F.);
#2101=EDGE_LOOP('',(#2098,#2100));
#2102=FACE_OUTER_BOUND('',#2101,.F.);
#2103=ADVANCED_FACE('',(#2102),#2096,.T.);
#2104=CARTESIAN_POINT('',(0.E0,3.E0,0.E0));
#2105=DIRECTION('',(0.E0,1.E0,0.E0));
#2106=DIRECTION('',(1.E0,0.E0,0.E0));
#2107=AXIS2_PLACEMENT_3D('',#2104,#2105,#2106);
#2108=PLANE('',#2107);
#2110=ORIENTED_EDGE('',*,*,#2109,.F.);
#2112=ORIENTED_EDGE('',*,*,#2111,.F.);
#2113=EDGE_LOOP('',(#2110,#2112));
#2114=FACE_OUTER_BOUND('',#2113,.F.);
#2115=ADVANCED_FACE('',(#2114),#2108,.T.);
#2116=CARTESIAN_POINT('',(0.E0,3.E0,0.E0));
#2117=DIRECTION('',(0.E0,1.E0,0.E0));
#2118=DIRECTION('',(1.E0,0.E0,0.E0));
#2119=AXIS2_PLACEMENT_3D('',#2116,#2117,#2118);
#2120=PLANE('',#2119);
#2122=ORIENTED_EDGE('',*,*,#2121,.F.);
#2124=ORIENTED_EDGE('',*,*,#2123,.F.);
#2125=EDGE_LOOP('',(#2122,#2124));
#2126=FACE_OUTER_BOUND('',#2125,.F.);
#2127=ADVANCED_FACE('',(#2126),#2120,.T.);
#2128=CARTESIAN_POINT('',(0.E0,3.E0,0.E0));
#2129=DIRECTION('',(0.E0,1.E0,0.E0));
#2130=DIRECTION('',(1.E0,0.E0,0.E0));
#2131=AXIS2_PLACEMENT_3D('',#2128,#2129,#2130);
#2132=PLANE('',#2131);
#2134=ORIENTED_EDGE('',*,*,#2133,.F.);
#2136=ORIENTED_EDGE('',*,*,#2135,.F.);
#2137=EDGE_LOOP('',(#2134,#2136));
#2138=FACE_OUTER_BOUND('',#2137,.F.);
#2139=ADVANCED_FACE('',(#2138),#2132,.T.);
#2140=CARTESIAN_POINT('',(0.E0,3.E0,0.E0));
#2141=DIRECTION('',(0.E0,1.E0,0.E0));
#2142=DIRECTION('',(1.E0,0.E0,0.E0));
#2143=AXIS2_PLACEMENT_3D('',#2140,#2141,#2142);
#2144=PLANE('',#2143);
#2145=ORIENTED_EDGE('',*,*,#1821,.T.);
#2147=ORIENTED_EDGE('',*,*,#2146,.T.);
#2148=ORIENTED_EDGE('',*,*,#2005,.F.);
#2149=ORIENTED_EDGE('',*,*,#1758,.F.);
#2151=ORIENTED_EDGE('',*,*,#2150,.T.);
#2153=ORIENTED_EDGE('',*,*,#2152,.T.);
#2155=ORIENTED_EDGE('',*,*,#2154,.F.);
#2157=ORIENTED_EDGE('',*,*,#2156,.F.);
#2159=ORIENTED_EDGE('',*,*,#2158,.F.);
#2161=ORIENTED_EDGE('',*,*,#2160,.T.);
#2163=ORIENTED_EDGE('',*,*,#2162,.T.);
#2165=ORIENTED_EDGE('',*,*,#2164,.F.);
#2167=ORIENTED_EDGE('',*,*,#2166,.F.);
#2169=ORIENTED_EDGE('',*,*,#2168,.T.);
#2171=ORIENTED_EDGE('',*,*,#2170,.F.);
#2173=ORIENTED_EDGE('',*,*,#2172,.F.);
#2175=ORIENTED_EDGE('',*,*,#2174,.T.);
#2177=ORIENTED_EDGE('',*,*,#2176,.F.);
#2179=ORIENTED_EDGE('',*,*,#2178,.F.);
#2181=ORIENTED_EDGE('',*,*,#2180,.T.);
#2183=ORIENTED_EDGE('',*,*,#2182,.T.);
#2185=ORIENTED_EDGE('',*,*,#2184,.F.);
#2187=ORIENTED_EDGE('',*,*,#2186,.F.);
#2189=ORIENTED_EDGE('',*,*,#2188,.F.);
#2191=ORIENTED_EDGE('',*,*,#2190,.T.);
#2193=ORIENTED_EDGE('',*,*,#2192,.T.);
#2195=ORIENTED_EDGE('',*,*,#2194,.F.);
#2196=ORIENTED_EDGE('',*,*,#1743,.F.);
#2197=EDGE_LOOP('',(#2145,#2147,#2148,#2149,#2151,#2153,#2155,#2157,#2159,#2161,
#2163,#2165,#2167,#2169,#2171,#2173,#2175,#2177,#2179,#2181,#2183,#2185,#2187,
#2189,#2191,#2193,#2195,#2196));
#2198=FACE_OUTER_BOUND('',#2197,.F.);
#2200=ORIENTED_EDGE('',*,*,#2199,.T.);
#2202=ORIENTED_EDGE('',*,*,#2201,.T.);
#2203=EDGE_LOOP('',(#2200,#2202));
#2204=FACE_BOUND('',#2203,.F.);
#2206=ORIENTED_EDGE('',*,*,#2205,.T.);
#2208=ORIENTED_EDGE('',*,*,#2207,.T.);
#2209=EDGE_LOOP('',(#2206,#2208));
#2210=FACE_BOUND('',#2209,.F.);
#2212=ORIENTED_EDGE('',*,*,#2211,.T.);
#2214=ORIENTED_EDGE('',*,*,#2213,.T.);
#2215=EDGE_LOOP('',(#2212,#2214));
#2216=FACE_BOUND('',#2215,.F.);
#2218=ORIENTED_EDGE('',*,*,#2217,.T.);
#2220=ORIENTED_EDGE('',*,*,#2219,.T.);
#2221=EDGE_LOOP('',(#2218,#2220));
#2222=FACE_BOUND('',#2221,.F.);
#2223=ADVANCED_FACE('',(#2198,#2204,#2210,#2216,#2222),#2144,.T.);
#2224=CARTESIAN_POINT('',(3.E0,3.E0,-7.663150561475E1));
#2225=DIRECTION('',(0.E0,0.E0,1.E0));
#2226=DIRECTION('',(1.E0,0.E0,0.E0));
#2227=AXIS2_PLACEMENT_3D('',#2224,#2225,#2226);
#2228=PLANE('',#2227);
#2229=ORIENTED_EDGE('',*,*,#2017,.F.);
#2231=ORIENTED_EDGE('',*,*,#2230,.T.);
#2233=ORIENTED_EDGE('',*,*,#2232,.T.);
#2235=ORIENTED_EDGE('',*,*,#2234,.F.);
#2236=EDGE_LOOP('',(#2229,#2231,#2233,#2235));
#2237=FACE_OUTER_BOUND('',#2236,.F.);
#2238=ADVANCED_FACE('',(#2237),#2228,.T.);
#2239=CARTESIAN_POINT('',(3.E0,0.E0,-1.05E2));
#2240=DIRECTION('',(-1.E0,0.E0,0.E0));
#2241=DIRECTION('',(0.E0,0.E0,1.E0));
#2242=AXIS2_PLACEMENT_3D('',#2239,#2240,#2241);
#2243=PLANE('',#2242);
#2245=ORIENTED_EDGE('',*,*,#2244,.T.);
#2247=ORIENTED_EDGE('',*,*,#2246,.F.);
#2248=ORIENTED_EDGE('',*,*,#2166,.T.);
#2250=ORIENTED_EDGE('',*,*,#2249,.T.);
#2252=ORIENTED_EDGE('',*,*,#2251,.F.);
#2253=ORIENTED_EDGE('',*,*,#2230,.F.);
#2254=ORIENTED_EDGE('',*,*,#2023,.T.);
#2256=ORIENTED_EDGE('',*,*,#2255,.T.);
#2258=ORIENTED_EDGE('',*,*,#2257,.F.);
#2260=ORIENTED_EDGE('',*,*,#2259,.F.);
#2261=ORIENTED_EDGE('',*,*,#2158,.T.);
#2263=ORIENTED_EDGE('',*,*,#2262,.T.);
#2264=ORIENTED_EDGE('',*,*,#1729,.F.);
#2266=ORIENTED_EDGE('',*,*,#2265,.F.);
#2267=EDGE_LOOP('',(#2245,#2247,#2248,#2250,#2252,#2253,#2254,#2256,#2258,#2260,
#2261,#2263,#2264,#2266));
#2268=FACE_OUTER_BOUND('',#2267,.F.);
#2269=ADVANCED_FACE('',(#2268),#2243,.F.);
#2270=CARTESIAN_POINT('',(0.E0,3.3E1,0.E0));
#2271=DIRECTION('',(0.E0,1.E0,0.E0));
#2272=DIRECTION('',(0.E0,0.E0,-1.E0));
#2273=AXIS2_PLACEMENT_3D('',#2270,#2271,#2272);
#2274=PLANE('',#2273);
#2276=ORIENTED_EDGE('',*,*,#2275,.F.);
#2278=ORIENTED_EDGE('',*,*,#2277,.F.);
#2280=ORIENTED_EDGE('',*,*,#2279,.F.);
#2282=ORIENTED_EDGE('',*,*,#2281,.T.);
#2283=EDGE_LOOP('',(#2276,#2278,#2280,#2282));
#2284=FACE_OUTER_BOUND('',#2283,.F.);
#2286=ORIENTED_EDGE('',*,*,#2285,.F.);
#2288=ORIENTED_EDGE('',*,*,#2287,.F.);
#2289=EDGE_LOOP('',(#2286,#2288));
#2290=FACE_BOUND('',#2289,.F.);
#2291=ADVANCED_FACE('',(#2284,#2290),#2274,.T.);
#2292=CARTESIAN_POINT('',(0.E0,3.3E1,0.E0));
#2293=DIRECTION('',(0.E0,1.E0,0.E0));
#2294=DIRECTION('',(0.E0,0.E0,-1.E0));
#2295=AXIS2_PLACEMENT_3D('',#2292,#2293,#2294);
#2296=PLANE('',#2295);
#2298=ORIENTED_EDGE('',*,*,#2297,.F.);
#2300=ORIENTED_EDGE('',*,*,#2299,.F.);
#2301=ORIENTED_EDGE('',*,*,#2244,.F.);
#2303=ORIENTED_EDGE('',*,*,#2302,.F.);
#2304=EDGE_LOOP('',(#2298,#2300,#2301,#2303));
#2305=FACE_OUTER_BOUND('',#2304,.F.);
#2307=ORIENTED_EDGE('',*,*,#2306,.F.);
#2309=ORIENTED_EDGE('',*,*,#2308,.F.);
#2310=EDGE_LOOP('',(#2307,#2309));
#2311=FACE_BOUND('',#2310,.F.);
#2312=ADVANCED_FACE('',(#2305,#2311),#2296,.T.);
#2313=CARTESIAN_POINT('',(0.E0,3.3E1,0.E0));
#2314=DIRECTION('',(0.E0,1.E0,0.E0));
#2315=DIRECTION('',(0.E0,0.E0,-1.E0));
#2316=AXIS2_PLACEMENT_3D('',#2313,#2314,#2315);
#2317=PLANE('',#2316);
#2319=ORIENTED_EDGE('',*,*,#2318,.F.);
#2321=ORIENTED_EDGE('',*,*,#2320,.F.);
#2323=ORIENTED_EDGE('',*,*,#2322,.F.);
#2324=ORIENTED_EDGE('',*,*,#1754,.F.);
#2325=EDGE_LOOP('',(#2319,#2321,#2323,#2324));
#2326=FACE_OUTER_BOUND('',#2325,.F.);
#2328=ORIENTED_EDGE('',*,*,#2327,.F.);
#2330=ORIENTED_EDGE('',*,*,#2329,.F.);
#2331=EDGE_LOOP('',(#2328,#2330));
#2332=FACE_BOUND('',#2331,.F.);
#2333=ADVANCED_FACE('',(#2326,#2332),#2317,.T.);
#2334=CARTESIAN_POINT('',(0.E0,3.3E1,0.E0));
#2335=DIRECTION('',(0.E0,1.E0,0.E0));
#2336=DIRECTION('',(0.E0,0.E0,-1.E0));
#2337=AXIS2_PLACEMENT_3D('',#2334,#2335,#2336);
#2338=PLANE('',#2337);
#2340=ORIENTED_EDGE('',*,*,#2339,.F.);
#2342=ORIENTED_EDGE('',*,*,#2341,.F.);
#2344=ORIENTED_EDGE('',*,*,#2343,.F.);
#2345=ORIENTED_EDGE('',*,*,#1747,.F.);
#2346=EDGE_LOOP('',(#2340,#2342,#2344,#2345));
#2347=FACE_OUTER_BOUND('',#2346,.F.);
#2349=ORIENTED_EDGE('',*,*,#2348,.F.);
#2351=ORIENTED_EDGE('',*,*,#2350,.F.);
#2352=EDGE_LOOP('',(#2349,#2351));
#2353=FACE_BOUND('',#2352,.F.);
#2354=ADVANCED_FACE('',(#2347,#2353),#2338,.T.);
#2355=CARTESIAN_POINT('',(5.5E0,3.E0,-9.95E1));
#2356=DIRECTION('',(0.E0,1.E0,0.E0));
#2357=DIRECTION('',(0.E0,0.E0,-1.E0));
#2358=AXIS2_PLACEMENT_3D('',#2355,#2356,#2357);
#2359=CYLINDRICAL_SURFACE('',#2358,1.E0);
#2360=ORIENTED_EDGE('',*,*,#2049,.T.);
#2362=ORIENTED_EDGE('',*,*,#2361,.T.);
#2363=ORIENTED_EDGE('',*,*,#2306,.T.);
#2365=ORIENTED_EDGE('',*,*,#2364,.F.);
#2366=EDGE_LOOP('',(#2360,#2362,#2363,#2365));
#2367=FACE_OUTER_BOUND('',#2366,.F.);
#2368=ADVANCED_FACE('',(#2367),#2359,.F.);
#2369=CARTESIAN_POINT('',(5.5E0,3.E0,-9.95E1));
#2370=DIRECTION('',(0.E0,1.E0,0.E0));
#2371=DIRECTION('',(0.E0,0.E0,-1.E0));
#2372=AXIS2_PLACEMENT_3D('',#2369,#2370,#2371);
#2373=CYLINDRICAL_SURFACE('',#2372,1.E0);
#2374=ORIENTED_EDGE('',*,*,#2051,.T.);
#2375=ORIENTED_EDGE('',*,*,#2364,.T.);
#2376=ORIENTED_EDGE('',*,*,#2308,.T.);
#2377=ORIENTED_EDGE('',*,*,#2361,.F.);
#2378=EDGE_LOOP('',(#2374,#2375,#2376,#2377));
#2379=FACE_OUTER_BOUND('',#2378,.F.);
#2380=ADVANCED_FACE('',(#2379),#2373,.F.);
#2381=CARTESIAN_POINT('',(1.445E2,3.E0,-9.95E1));
#2382=DIRECTION('',(0.E0,1.E0,0.E0));
#2383=DIRECTION('',(0.E0,0.E0,-1.E0));
#2384=AXIS2_PLACEMENT_3D('',#2381,#2382,#2383);
#2385=CYLINDRICAL_SURFACE('',#2384,1.E0);
#2386=ORIENTED_EDGE('',*,*,#2061,.T.);
#2388=ORIENTED_EDGE('',*,*,#2387,.T.);
#2389=ORIENTED_EDGE('',*,*,#2285,.T.);
#2391=ORIENTED_EDGE('',*,*,#2390,.F.);
#2392=EDGE_LOOP('',(#2386,#2388,#2389,#2391));
#2393=FACE_OUTER_BOUND('',#2392,.F.);
#2394=ADVANCED_FACE('',(#2393),#2385,.F.);
#2395=CARTESIAN_POINT('',(1.445E2,3.E0,-9.95E1));
#2396=DIRECTION('',(0.E0,1.E0,0.E0));
#2397=DIRECTION('',(0.E0,0.E0,-1.E0));
#2398=AXIS2_PLACEMENT_3D('',#2395,#2396,#2397);
#2399=CYLINDRICAL_SURFACE('',#2398,1.E0);
#2400=ORIENTED_EDGE('',*,*,#2063,.T.);
#2401=ORIENTED_EDGE('',*,*,#2390,.T.);
#2402=ORIENTED_EDGE('',*,*,#2287,.T.);
#2403=ORIENTED_EDGE('',*,*,#2387,.F.);
#2404=EDGE_LOOP('',(#2400,#2401,#2402,#2403));
#2405=FACE_OUTER_BOUND('',#2404,.F.);
#2406=ADVANCED_FACE('',(#2405),#2399,.F.);
#2407=CARTESIAN_POINT('',(3.200653088903E1,3.E0,-5.427045569526E0));
#2408=DIRECTION('',(0.E0,1.E0,0.E0));
#2409=DIRECTION('',(0.E0,0.E0,-1.E0));
#2410=AXIS2_PLACEMENT_3D('',#2407,#2408,#2409);
#2411=CYLINDRICAL_SURFACE('',#2410,1.E0);
#2412=ORIENTED_EDGE('',*,*,#2073,.T.);
#2414=ORIENTED_EDGE('',*,*,#2413,.T.);
#2415=ORIENTED_EDGE('',*,*,#2327,.T.);
#2417=ORIENTED_EDGE('',*,*,#2416,.F.);
#2418=EDGE_LOOP('',(#2412,#2414,#2415,#2417));
#2419=FACE_OUTER_BOUND('',#2418,.F.);
#2420=ADVANCED_FACE('',(#2419),#2411,.F.);
#2421=CARTESIAN_POINT('',(3.200653088903E1,3.E0,-5.427045569526E0));
#2422=DIRECTION('',(0.E0,1.E0,0.E0));
#2423=DIRECTION('',(0.E0,0.E0,-1.E0));
#2424=AXIS2_PLACEMENT_3D('',#2421,#2422,#2423);
#2425=CYLINDRICAL_SURFACE('',#2424,1.E0);
#2426=ORIENTED_EDGE('',*,*,#2075,.T.);
#2427=ORIENTED_EDGE('',*,*,#2416,.T.);
#2428=ORIENTED_EDGE('',*,*,#2329,.T.);
#2429=ORIENTED_EDGE('',*,*,#2413,.F.);
#2430=EDGE_LOOP('',(#2426,#2427,#2428,#2429));
#2431=FACE_OUTER_BOUND('',#2430,.F.);
#2432=ADVANCED_FACE('',(#2431),#2425,.F.);
#2433=CARTESIAN_POINT('',(1.179934691110E2,3.E0,-5.427045569526E0));
#2434=DIRECTION('',(0.E0,1.E0,0.E0));
#2435=DIRECTION('',(0.E0,0.E0,-1.E0));
#2436=AXIS2_PLACEMENT_3D('',#2433,#2434,#2435);
#2437=CYLINDRICAL_SURFACE('',#2436,1.E0);
#2438=ORIENTED_EDGE('',*,*,#2085,.T.);
#2440=ORIENTED_EDGE('',*,*,#2439,.T.);
#2441=ORIENTED_EDGE('',*,*,#2348,.T.);
#2443=ORIENTED_EDGE('',*,*,#2442,.F.);
#2444=EDGE_LOOP('',(#2438,#2440,#2441,#2443));
#2445=FACE_OUTER_BOUND('',#2444,.F.);
#2446=ADVANCED_FACE('',(#2445),#2437,.F.);
#2447=CARTESIAN_POINT('',(1.179934691110E2,3.E0,-5.427045569526E0));
#2448=DIRECTION('',(0.E0,1.E0,0.E0));
#2449=DIRECTION('',(0.E0,0.E0,-1.E0));
#2450=AXIS2_PLACEMENT_3D('',#2447,#2448,#2449);
#2451=CYLINDRICAL_SURFACE('',#2450,1.E0);
#2452=ORIENTED_EDGE('',*,*,#2087,.T.);
#2453=ORIENTED_EDGE('',*,*,#2442,.T.);
#2454=ORIENTED_EDGE('',*,*,#2350,.T.);
#2455=ORIENTED_EDGE('',*,*,#2439,.F.);
#2456=EDGE_LOOP('',(#2452,#2453,#2454,#2455));
#2457=FACE_OUTER_BOUND('',#2456,.F.);
#2458=ADVANCED_FACE('',(#2457),#2451,.F.);
#2459=CARTESIAN_POINT('',(1.42E2,3.E0,-9.7E1));
#2460=DIRECTION('',(0.E0,0.E0,1.E0));
#2461=DIRECTION('',(1.E0,0.E0,0.E0));
#2462=AXIS2_PLACEMENT_3D('',#2459,#2460,#2461);
#2463=PLANE('',#2462);
#2464=ORIENTED_EDGE('',*,*,#2176,.T.);
#2466=ORIENTED_EDGE('',*,*,#2465,.T.);
#2467=ORIENTED_EDGE('',*,*,#2275,.T.);
#2469=ORIENTED_EDGE('',*,*,#2468,.F.);
#2470=EDGE_LOOP('',(#2464,#2466,#2467,#2469));
#2471=FACE_OUTER_BOUND('',#2470,.F.);
#2472=ADVANCED_FACE('',(#2471),#2463,.T.);
#2473=CARTESIAN_POINT('',(1.42E2,3.E0,-1.02E2));
#2474=DIRECTION('',(-1.E0,0.E0,0.E0));
#2475=DIRECTION('',(0.E0,0.E0,1.E0));
#2476=AXIS2_PLACEMENT_3D('',#2473,#2474,#2475);
#2477=PLANE('',#2476);
#2478=ORIENTED_EDGE('',*,*,#2174,.F.);
#2480=ORIENTED_EDGE('',*,*,#2479,.T.);
#2481=ORIENTED_EDGE('',*,*,#2277,.T.);
#2482=ORIENTED_EDGE('',*,*,#2465,.F.);
#2483=EDGE_LOOP('',(#2478,#2480,#2481,#2482));
#2484=FACE_OUTER_BOUND('',#2483,.F.);
#2485=ADVANCED_FACE('',(#2484),#2477,.T.);
#2486=CARTESIAN_POINT('',(1.5E2,0.E0,-1.02E2));
#2487=DIRECTION('',(0.E0,0.E0,-1.E0));
#2488=DIRECTION('',(-1.E0,0.E0,0.E0));
#2489=AXIS2_PLACEMENT_3D('',#2486,#2487,#2488);
#2490=PLANE('',#2489);
#2491=ORIENTED_EDGE('',*,*,#2279,.T.);
#2492=ORIENTED_EDGE('',*,*,#2479,.F.);
#2493=ORIENTED_EDGE('',*,*,#2172,.T.);
#2495=ORIENTED_EDGE('',*,*,#2494,.T.);
#2496=ORIENTED_EDGE('',*,*,#2302,.T.);
#2497=ORIENTED_EDGE('',*,*,#2265,.T.);
#2498=ORIENTED_EDGE('',*,*,#1727,.F.);
#2500=ORIENTED_EDGE('',*,*,#2499,.F.);
#2501=EDGE_LOOP('',(#2491,#2492,#2493,#2495,#2496,#2497,#2498,#2500));
#2502=FACE_OUTER_BOUND('',#2501,.F.);
#2504=ORIENTED_EDGE('',*,*,#2503,.F.);
#2506=ORIENTED_EDGE('',*,*,#2505,.F.);
#2508=ORIENTED_EDGE('',*,*,#2507,.F.);
#2510=ORIENTED_EDGE('',*,*,#2509,.F.);
#2511=EDGE_LOOP('',(#2504,#2506,#2508,#2510));
#2512=FACE_BOUND('',#2511,.F.);
#2514=ORIENTED_EDGE('',*,*,#2513,.F.);
#2516=ORIENTED_EDGE('',*,*,#2515,.F.);
#2517=EDGE_LOOP('',(#2514,#2516));
#2518=FACE_BOUND('',#2517,.F.);
#2520=ORIENTED_EDGE('',*,*,#2519,.F.);
#2522=ORIENTED_EDGE('',*,*,#2521,.F.);
#2523=EDGE_LOOP('',(#2520,#2522));
#2524=FACE_BOUND('',#2523,.F.);
#2526=ORIENTED_EDGE('',*,*,#2525,.T.);
#2528=ORIENTED_EDGE('',*,*,#2527,.T.);
#2529=EDGE_LOOP('',(#2526,#2528));
#2530=FACE_BOUND('',#2529,.F.);
#2531=ADVANCED_FACE('',(#2502,#2512,#2518,#2524,#2530),#2490,.F.);
#2532=CARTESIAN_POINT('',(8.E0,3.E0,-9.7E1));
#2533=DIRECTION('',(1.E0,0.E0,0.E0));
#2534=DIRECTION('',(0.E0,0.E0,-1.E0));
#2535=AXIS2_PLACEMENT_3D('',#2532,#2533,#2534);
#2536=PLANE('',#2535);
#2537=ORIENTED_EDGE('',*,*,#2170,.T.);
#2539=ORIENTED_EDGE('',*,*,#2538,.T.);
#2540=ORIENTED_EDGE('',*,*,#2297,.T.);
#2541=ORIENTED_EDGE('',*,*,#2494,.F.);
#2542=EDGE_LOOP('',(#2537,#2539,#2540,#2541));
#2543=FACE_OUTER_BOUND('',#2542,.F.);
#2544=ADVANCED_FACE('',(#2543),#2536,.T.);
#2545=CARTESIAN_POINT('',(3.E0,3.E0,-9.7E1));
#2546=DIRECTION('',(0.E0,0.E0,1.E0));
#2547=DIRECTION('',(1.E0,0.E0,0.E0));
#2548=AXIS2_PLACEMENT_3D('',#2545,#2546,#2547);
#2549=PLANE('',#2548);
#2550=ORIENTED_EDGE('',*,*,#2168,.F.);
#2551=ORIENTED_EDGE('',*,*,#2246,.T.);
#2552=ORIENTED_EDGE('',*,*,#2299,.T.);
#2553=ORIENTED_EDGE('',*,*,#2538,.F.);
#2554=EDGE_LOOP('',(#2550,#2551,#2552,#2553));
#2555=FACE_OUTER_BOUND('',#2554,.F.);
#2556=ADVANCED_FACE('',(#2555),#2549,.T.);
#2557=CARTESIAN_POINT('',(1.47E2,0.E0,-2.5E1));
#2558=DIRECTION('',(1.E0,0.E0,0.E0));
#2559=DIRECTION('',(0.E0,0.E0,-1.E0));
#2560=AXIS2_PLACEMENT_3D('',#2557,#2558,#2559);
#2561=PLANE('',#2560);
#2562=ORIENTED_EDGE('',*,*,#2281,.F.);
#2563=ORIENTED_EDGE('',*,*,#2499,.T.);
#2564=ORIENTED_EDGE('',*,*,#1725,.F.);
#2566=ORIENTED_EDGE('',*,*,#2565,.F.);
#2567=ORIENTED_EDGE('',*,*,#2186,.T.);
#2569=ORIENTED_EDGE('',*,*,#2568,.T.);
#2571=ORIENTED_EDGE('',*,*,#2570,.T.);
#2573=ORIENTED_EDGE('',*,*,#2572,.F.);
#2574=ORIENTED_EDGE('',*,*,#2039,.T.);
#2576=ORIENTED_EDGE('',*,*,#2575,.T.);
#2578=ORIENTED_EDGE('',*,*,#2577,.T.);
#2580=ORIENTED_EDGE('',*,*,#2579,.F.);
#2581=ORIENTED_EDGE('',*,*,#2178,.T.);
#2582=ORIENTED_EDGE('',*,*,#2468,.T.);
#2583=EDGE_LOOP('',(#2562,#2563,#2564,#2566,#2567,#2569,#2571,#2573,#2574,#2576,
#2578,#2580,#2581,#2582));
#2584=FACE_OUTER_BOUND('',#2583,.F.);
#2585=ADVANCED_FACE('',(#2584),#2561,.F.);
#2586=CARTESIAN_POINT('',(1.25E2,0.E0,-2.5E1));
#2587=DIRECTION('',(0.E0,1.E0,0.E0));
#2588=DIRECTION('',(1.E0,0.E0,0.E0));
#2589=AXIS2_PLACEMENT_3D('',#2586,#2587,#2588);
#2590=CYLINDRICAL_SURFACE('',#2589,2.2E1);
#2592=ORIENTED_EDGE('',*,*,#2591,.F.);
#2593=ORIENTED_EDGE('',*,*,#2188,.T.);
#2594=ORIENTED_EDGE('',*,*,#2565,.T.);
#2595=ORIENTED_EDGE('',*,*,#1723,.F.);
#2596=ORIENTED_EDGE('',*,*,#1749,.F.);
#2597=EDGE_LOOP('',(#2592,#2593,#2594,#2595,#2596));
#2598=FACE_OUTER_BOUND('',#2597,.F.);
#2599=ADVANCED_FACE('',(#2598),#2590,.F.);
#2600=CARTESIAN_POINT('',(1.25E2,3.E0,-3.E0));
#2601=DIRECTION('',(1.E0,0.E0,0.E0));
#2602=DIRECTION('',(0.E0,0.E0,-1.E0));
#2603=AXIS2_PLACEMENT_3D('',#2600,#2601,#2602);
#2604=PLANE('',#2603);
#2605=ORIENTED_EDGE('',*,*,#2190,.F.);
#2606=ORIENTED_EDGE('',*,*,#2591,.T.);
#2607=ORIENTED_EDGE('',*,*,#2343,.T.);
#2609=ORIENTED_EDGE('',*,*,#2608,.F.);
#2610=EDGE_LOOP('',(#2605,#2606,#2607,#2609));
#2611=FACE_OUTER_BOUND('',#2610,.F.);
#2612=ADVANCED_FACE('',(#2611),#2604,.T.);
#2613=CARTESIAN_POINT('',(1.25E2,3.E0,-8.E0));
#2614=DIRECTION('',(0.E0,0.E0,-1.E0));
#2615=DIRECTION('',(-1.E0,0.E0,0.E0));
#2616=AXIS2_PLACEMENT_3D('',#2613,#2614,#2615);
#2617=PLANE('',#2616);
#2618=ORIENTED_EDGE('',*,*,#2192,.F.);
#2619=ORIENTED_EDGE('',*,*,#2608,.T.);
#2620=ORIENTED_EDGE('',*,*,#2341,.T.);
#2622=ORIENTED_EDGE('',*,*,#2621,.F.);
#2623=EDGE_LOOP('',(#2618,#2619,#2620,#2622));
#2624=FACE_OUTER_BOUND('',#2623,.F.);
#2625=ADVANCED_FACE('',(#2624),#2617,.T.);
#2626=CARTESIAN_POINT('',(1.108734177610E2,3.E0,-8.E0));
#2627=DIRECTION('',(-1.E0,0.E0,0.E0));
#2628=DIRECTION('',(0.E0,0.E0,1.E0));
#2629=AXIS2_PLACEMENT_3D('',#2626,#2627,#2628);
#2630=PLANE('',#2629);
#2631=ORIENTED_EDGE('',*,*,#2194,.T.);
#2632=ORIENTED_EDGE('',*,*,#2621,.T.);
#2633=ORIENTED_EDGE('',*,*,#2339,.T.);
#2634=ORIENTED_EDGE('',*,*,#1745,.F.);
#2635=EDGE_LOOP('',(#2631,#2632,#2633,#2634));
#2636=FACE_OUTER_BOUND('',#2635,.F.);
#2637=ADVANCED_FACE('',(#2636),#2630,.T.);
#2638=CARTESIAN_POINT('',(1.27E2,3.E0,-2.55E1));
#2639=DIRECTION('',(0.E0,0.E0,1.E0));
#2640=DIRECTION('',(1.E0,0.E0,0.E0));
#2641=AXIS2_PLACEMENT_3D('',#2638,#2639,#2640);
#2642=PLANE('',#2641);
#2643=ORIENTED_EDGE('',*,*,#2184,.T.);
#2645=ORIENTED_EDGE('',*,*,#2644,.T.);
#2647=ORIENTED_EDGE('',*,*,#2646,.T.);
#2648=ORIENTED_EDGE('',*,*,#2568,.F.);
#2649=EDGE_LOOP('',(#2643,#2645,#2647,#2648));
#2650=FACE_OUTER_BOUND('',#2649,.F.);
#2651=ADVANCED_FACE('',(#2650),#2642,.T.);
#2652=CARTESIAN_POINT('',(1.27E2,3.E0,-7.863150561475E1));
#2653=DIRECTION('',(-1.E0,0.E0,0.E0));
#2654=DIRECTION('',(0.E0,0.E0,1.E0));
#2655=AXIS2_PLACEMENT_3D('',#2652,#2653,#2654);
#2656=PLANE('',#2655);
#2657=ORIENTED_EDGE('',*,*,#2182,.F.);
#2659=ORIENTED_EDGE('',*,*,#2658,.T.);
#2661=ORIENTED_EDGE('',*,*,#2660,.T.);
#2662=ORIENTED_EDGE('',*,*,#2644,.F.);
#2663=EDGE_LOOP('',(#2657,#2659,#2661,#2662));
#2664=FACE_OUTER_BOUND('',#2663,.F.);
#2665=ADVANCED_FACE('',(#2664),#2656,.T.);
#2666=CARTESIAN_POINT('',(1.47E2,3.E0,-7.863150561475E1));
#2667=DIRECTION('',(0.E0,0.E0,-1.E0));
#2668=DIRECTION('',(-1.E0,0.E0,0.E0));
#2669=AXIS2_PLACEMENT_3D('',#2666,#2667,#2668);
#2670=PLANE('',#2669);
#2671=ORIENTED_EDGE('',*,*,#2180,.F.);
#2672=ORIENTED_EDGE('',*,*,#2579,.T.);
#2674=ORIENTED_EDGE('',*,*,#2673,.T.);
#2675=ORIENTED_EDGE('',*,*,#2658,.F.);
#2676=EDGE_LOOP('',(#2671,#2672,#2674,#2675));
#2677=FACE_OUTER_BOUND('',#2676,.F.);
#2678=ADVANCED_FACE('',(#2677),#2670,.T.);
#2679=CARTESIAN_POINT('',(0.E0,2.3E1,0.E0));
#2680=DIRECTION('',(0.E0,1.E0,0.E0));
#2681=DIRECTION('',(0.E0,0.E0,-1.E0));
#2682=AXIS2_PLACEMENT_3D('',#2679,#2680,#2681);
#2683=PLANE('',#2682);
#2684=ORIENTED_EDGE('',*,*,#2570,.F.);
#2685=ORIENTED_EDGE('',*,*,#2646,.F.);
#2686=ORIENTED_EDGE('',*,*,#2660,.F.);
#2687=ORIENTED_EDGE('',*,*,#2673,.F.);
#2688=ORIENTED_EDGE('',*,*,#2577,.F.);
#2690=ORIENTED_EDGE('',*,*,#2689,.F.);
#2692=ORIENTED_EDGE('',*,*,#2691,.F.);
#2694=ORIENTED_EDGE('',*,*,#2693,.F.);
#2695=EDGE_LOOP('',(#2684,#2685,#2686,#2687,#2688,#2690,#2692,#2694));
#2696=FACE_OUTER_BOUND('',#2695,.F.);
#2697=ADVANCED_FACE('',(#2696),#2683,.T.);
#2698=CARTESIAN_POINT('',(0.E0,2.3E1,0.E0));
#2699=DIRECTION('',(0.E0,1.E0,0.E0));
#2700=DIRECTION('',(0.E0,0.E0,-1.E0));
#2701=AXIS2_PLACEMENT_3D('',#2698,#2699,#2700);
#2702=PLANE('',#2701);
#2703=ORIENTED_EDGE('',*,*,#2257,.T.);
#2705=ORIENTED_EDGE('',*,*,#2704,.F.);
#2707=ORIENTED_EDGE('',*,*,#2706,.F.);
#2708=ORIENTED_EDGE('',*,*,#2232,.F.);
#2709=ORIENTED_EDGE('',*,*,#2251,.T.);
#2711=ORIENTED_EDGE('',*,*,#2710,.F.);
#2713=ORIENTED_EDGE('',*,*,#2712,.F.);
#2715=ORIENTED_EDGE('',*,*,#2714,.F.);
#2716=EDGE_LOOP('',(#2703,#2705,#2707,#2708,#2709,#2711,#2713,#2715));
#2717=FACE_OUTER_BOUND('',#2716,.F.);
#2718=ADVANCED_FACE('',(#2717),#2702,.T.);
#2719=CARTESIAN_POINT('',(1.29E2,3.E0,-7.663150561475E1));
#2720=DIRECTION('',(0.E0,0.E0,1.E0));
#2721=DIRECTION('',(1.E0,0.E0,0.E0));
#2722=AXIS2_PLACEMENT_3D('',#2719,#2720,#2721);
#2723=PLANE('',#2722);
#2724=ORIENTED_EDGE('',*,*,#2037,.T.);
#2726=ORIENTED_EDGE('',*,*,#2725,.T.);
#2727=ORIENTED_EDGE('',*,*,#2689,.T.);
#2728=ORIENTED_EDGE('',*,*,#2575,.F.);
#2729=EDGE_LOOP('',(#2724,#2726,#2727,#2728));
#2730=FACE_OUTER_BOUND('',#2729,.F.);
#2731=ADVANCED_FACE('',(#2730),#2723,.T.);
#2732=CARTESIAN_POINT('',(1.29E2,3.E0,-2.75E1));
#2733=DIRECTION('',(1.E0,0.E0,0.E0));
#2734=DIRECTION('',(0.E0,0.E0,-1.E0));
#2735=AXIS2_PLACEMENT_3D('',#2732,#2733,#2734);
#2736=PLANE('',#2735);
#2737=ORIENTED_EDGE('',*,*,#2035,.F.);
#2739=ORIENTED_EDGE('',*,*,#2738,.T.);
#2740=ORIENTED_EDGE('',*,*,#2691,.T.);
#2741=ORIENTED_EDGE('',*,*,#2725,.F.);
#2742=EDGE_LOOP('',(#2737,#2739,#2740,#2741));
#2743=FACE_OUTER_BOUND('',#2742,.F.);
#2744=ADVANCED_FACE('',(#2743),#2736,.T.);
#2745=CARTESIAN_POINT('',(1.47E2,3.E0,-2.75E1));
#2746=DIRECTION('',(0.E0,0.E0,-1.E0));
#2747=DIRECTION('',(-1.E0,0.E0,0.E0));
#2748=AXIS2_PLACEMENT_3D('',#2745,#2746,#2747);
#2749=PLANE('',#2748);
#2750=ORIENTED_EDGE('',*,*,#2033,.F.);
#2751=ORIENTED_EDGE('',*,*,#2572,.T.);
#2752=ORIENTED_EDGE('',*,*,#2693,.T.);
#2753=ORIENTED_EDGE('',*,*,#2738,.F.);
#2754=EDGE_LOOP('',(#2750,#2751,#2752,#2753));
#2755=FACE_OUTER_BOUND('',#2754,.F.);
#2756=ADVANCED_FACE('',(#2755),#2749,.T.);
#2757=CARTESIAN_POINT('',(2.1E1,3.E0,-2.75E1));
#2758=DIRECTION('',(0.E0,0.E0,-1.E0));
#2759=DIRECTION('',(-1.E0,0.E0,0.E0));
#2760=AXIS2_PLACEMENT_3D('',#2757,#2758,#2759);
#2761=PLANE('',#2760);
#2762=ORIENTED_EDGE('',*,*,#2021,.T.);
#2764=ORIENTED_EDGE('',*,*,#2763,.T.);
#2765=ORIENTED_EDGE('',*,*,#2704,.T.);
#2766=ORIENTED_EDGE('',*,*,#2255,.F.);
#2767=EDGE_LOOP('',(#2762,#2764,#2765,#2766));
#2768=FACE_OUTER_BOUND('',#2767,.F.);
#2769=ADVANCED_FACE('',(#2768),#2761,.T.);
#2770=CARTESIAN_POINT('',(2.1E1,3.E0,-7.663150561475E1));
#2771=DIRECTION('',(-1.E0,0.E0,0.E0));
#2772=DIRECTION('',(0.E0,0.E0,1.E0));
#2773=AXIS2_PLACEMENT_3D('',#2770,#2771,#2772);
#2774=PLANE('',#2773);
#2775=ORIENTED_EDGE('',*,*,#2019,.F.);
#2776=ORIENTED_EDGE('',*,*,#2234,.T.);
#2777=ORIENTED_EDGE('',*,*,#2706,.T.);
#2778=ORIENTED_EDGE('',*,*,#2763,.F.);
#2779=EDGE_LOOP('',(#2775,#2776,#2777,#2778));
#2780=FACE_OUTER_BOUND('',#2779,.F.);
#2781=ADVANCED_FACE('',(#2780),#2774,.T.);
#2782=CARTESIAN_POINT('',(2.3E1,3.E0,-7.863150561475E1));
#2783=DIRECTION('',(0.E0,0.E0,-1.E0));
#2784=DIRECTION('',(-1.E0,0.E0,0.E0));
#2785=AXIS2_PLACEMENT_3D('',#2782,#2783,#2784);
#2786=PLANE('',#2785);
#2787=ORIENTED_EDGE('',*,*,#2164,.T.);
#2789=ORIENTED_EDGE('',*,*,#2788,.T.);
#2790=ORIENTED_EDGE('',*,*,#2710,.T.);
#2791=ORIENTED_EDGE('',*,*,#2249,.F.);
#2792=EDGE_LOOP('',(#2787,#2789,#2790,#2791));
#2793=FACE_OUTER_BOUND('',#2792,.F.);
#2794=ADVANCED_FACE('',(#2793),#2786,.T.);
#2795=CARTESIAN_POINT('',(2.3E1,3.E0,-2.55E1));
#2796=DIRECTION('',(1.E0,0.E0,0.E0));
#2797=DIRECTION('',(0.E0,0.E0,-1.E0));
#2798=AXIS2_PLACEMENT_3D('',#2795,#2796,#2797);
#2799=PLANE('',#2798);
#2800=ORIENTED_EDGE('',*,*,#2162,.F.);
#2802=ORIENTED_EDGE('',*,*,#2801,.T.);
#2803=ORIENTED_EDGE('',*,*,#2712,.T.);
#2804=ORIENTED_EDGE('',*,*,#2788,.F.);
#2805=EDGE_LOOP('',(#2800,#2802,#2803,#2804));
#2806=FACE_OUTER_BOUND('',#2805,.F.);
#2807=ADVANCED_FACE('',(#2806),#2799,.T.);
#2808=CARTESIAN_POINT('',(3.E0,3.E0,-2.55E1));
#2809=DIRECTION('',(0.E0,0.E0,1.E0));
#2810=DIRECTION('',(1.E0,0.E0,0.E0));
#2811=AXIS2_PLACEMENT_3D('',#2808,#2809,#2810);
#2812=PLANE('',#2811);
#2813=ORIENTED_EDGE('',*,*,#2160,.F.);
#2814=ORIENTED_EDGE('',*,*,#2259,.T.);
#2815=ORIENTED_EDGE('',*,*,#2714,.T.);
#2816=ORIENTED_EDGE('',*,*,#2801,.F.);
#2817=EDGE_LOOP('',(#2813,#2814,#2815,#2816));
#2818=FACE_OUTER_BOUND('',#2817,.F.);
#2819=ADVANCED_FACE('',(#2818),#2812,.T.);
#2820=CARTESIAN_POINT('',(4.95E1,8.5E0,-1.05E2));
#2821=DIRECTION('',(0.E0,-1.E0,0.E0));
#2822=DIRECTION('',(-1.E0,0.E0,0.E0));
#2823=AXIS2_PLACEMENT_3D('',#2820,#2821,#2822);
#2824=PLANE('',#2823);
#2825=ORIENTED_EDGE('',*,*,#1652,.F.);
#2827=ORIENTED_EDGE('',*,*,#2826,.T.);
#2828=ORIENTED_EDGE('',*,*,#2503,.T.);
#2830=ORIENTED_EDGE('',*,*,#2829,.F.);
#2831=EDGE_LOOP('',(#2825,#2827,#2828,#2830));
#2832=FACE_OUTER_BOUND('',#2831,.F.);
#2833=ADVANCED_FACE('',(#2832),#2824,.F.);
#2834=CARTESIAN_POINT('',(4.95E1,1.75E1,-1.05E2));
#2835=DIRECTION('',(1.E0,0.E0,0.E0));
#2836=DIRECTION('',(0.E0,-1.E0,0.E0));
#2837=AXIS2_PLACEMENT_3D('',#2834,#2835,#2836);
#2838=PLANE('',#2837);
#2839=ORIENTED_EDGE('',*,*,#1658,.F.);
#2841=ORIENTED_EDGE('',*,*,#2840,.T.);
#2842=ORIENTED_EDGE('',*,*,#2505,.T.);
#2843=ORIENTED_EDGE('',*,*,#2826,.F.);
#2844=EDGE_LOOP('',(#2839,#2841,#2842,#2843));
#2845=FACE_OUTER_BOUND('',#2844,.F.);
#2846=ADVANCED_FACE('',(#2845),#2838,.F.);
#2847=CARTESIAN_POINT('',(3.45E1,1.75E1,-1.05E2));
#2848=DIRECTION('',(0.E0,1.E0,0.E0));
#2849=DIRECTION('',(1.E0,0.E0,0.E0));
#2850=AXIS2_PLACEMENT_3D('',#2847,#2848,#2849);
#2851=PLANE('',#2850);
#2852=ORIENTED_EDGE('',*,*,#1656,.F.);
#2854=ORIENTED_EDGE('',*,*,#2853,.T.);
#2855=ORIENTED_EDGE('',*,*,#2507,.T.);
#2856=ORIENTED_EDGE('',*,*,#2840,.F.);
#2857=EDGE_LOOP('',(#2852,#2854,#2855,#2856));
#2858=FACE_OUTER_BOUND('',#2857,.F.);
#2859=ADVANCED_FACE('',(#2858),#2851,.F.);
#2860=CARTESIAN_POINT('',(3.45E1,8.5E0,-1.05E2));
#2861=DIRECTION('',(-1.E0,0.E0,0.E0));
#2862=DIRECTION('',(0.E0,1.E0,0.E0));
#2863=AXIS2_PLACEMENT_3D('',#2860,#2861,#2862);
#2864=PLANE('',#2863);
#2865=ORIENTED_EDGE('',*,*,#1654,.F.);
#2866=ORIENTED_EDGE('',*,*,#2829,.T.);
#2867=ORIENTED_EDGE('',*,*,#2509,.T.);
#2868=ORIENTED_EDGE('',*,*,#2853,.F.);
#2869=EDGE_LOOP('',(#2865,#2866,#2867,#2868));
#2870=FACE_OUTER_BOUND('',#2869,.F.);
#2871=ADVANCED_FACE('',(#2870),#2864,.F.);
#2872=CARTESIAN_POINT('',(6.325229990998E1,1.412784148482E1,-1.05E2));
#2873=DIRECTION('',(0.E0,0.E0,-1.E0));
#2874=DIRECTION('',(0.E0,1.E0,0.E0));
#2875=AXIS2_PLACEMENT_3D('',#2872,#2873,#2874);
#2876=CYLINDRICAL_SURFACE('',#2875,3.25E0);
#2877=ORIENTED_EDGE('',*,*,#1662,.F.);
#2879=ORIENTED_EDGE('',*,*,#2878,.T.);
#2880=ORIENTED_EDGE('',*,*,#2513,.T.);
#2882=ORIENTED_EDGE('',*,*,#2881,.F.);
#2883=EDGE_LOOP('',(#2877,#2879,#2880,#2882));
#2884=FACE_OUTER_BOUND('',#2883,.F.);
#2885=ADVANCED_FACE('',(#2884),#2876,.F.);
#2886=CARTESIAN_POINT('',(6.325229990998E1,1.412784148482E1,-1.05E2));
#2887=DIRECTION('',(0.E0,0.E0,-1.E0));
#2888=DIRECTION('',(0.E0,1.E0,0.E0));
#2889=AXIS2_PLACEMENT_3D('',#2886,#2887,#2888);
#2890=CYLINDRICAL_SURFACE('',#2889,3.25E0);
#2891=ORIENTED_EDGE('',*,*,#1664,.F.);
#2892=ORIENTED_EDGE('',*,*,#2881,.T.);
#2893=ORIENTED_EDGE('',*,*,#2515,.T.);
#2894=ORIENTED_EDGE('',*,*,#2878,.F.);
#2895=EDGE_LOOP('',(#2891,#2892,#2893,#2894));
#2896=FACE_OUTER_BOUND('',#2895,.F.);
#2897=ADVANCED_FACE('',(#2896),#2890,.F.);
#2898=CARTESIAN_POINT('',(7.672181205801E1,1.412784148482E1,-1.05E2));
#2899=DIRECTION('',(0.E0,0.E0,-1.E0));
#2900=DIRECTION('',(0.E0,1.E0,0.E0));
#2901=AXIS2_PLACEMENT_3D('',#2898,#2899,#2900);
#2902=CYLINDRICAL_SURFACE('',#2901,3.25E0);
#2903=ORIENTED_EDGE('',*,*,#1668,.F.);
#2905=ORIENTED_EDGE('',*,*,#2904,.T.);
#2906=ORIENTED_EDGE('',*,*,#2519,.T.);
#2908=ORIENTED_EDGE('',*,*,#2907,.F.);
#2909=EDGE_LOOP('',(#2903,#2905,#2906,#2908));
#2910=FACE_OUTER_BOUND('',#2909,.F.);
#2911=ADVANCED_FACE('',(#2910),#2902,.F.);
#2912=CARTESIAN_POINT('',(7.672181205801E1,1.412784148482E1,-1.05E2));
#2913=DIRECTION('',(0.E0,0.E0,-1.E0));
#2914=DIRECTION('',(0.E0,1.E0,0.E0));
#2915=AXIS2_PLACEMENT_3D('',#2912,#2913,#2914);
#2916=CYLINDRICAL_SURFACE('',#2915,3.25E0);
#2917=ORIENTED_EDGE('',*,*,#1670,.F.);
#2918=ORIENTED_EDGE('',*,*,#2907,.T.);
#2919=ORIENTED_EDGE('',*,*,#2521,.T.);
#2920=ORIENTED_EDGE('',*,*,#2904,.F.);
#2921=EDGE_LOOP('',(#2917,#2918,#2919,#2920));
#2922=FACE_OUTER_BOUND('',#2921,.F.);
#2923=ADVANCED_FACE('',(#2922),#2916,.F.);
#2924=CARTESIAN_POINT('',(1.189815887960E2,1.75E1,-1.02E2));
#2925=DIRECTION('',(0.E0,0.E0,1.E0));
#2926=DIRECTION('',(-1.E0,0.E0,0.E0));
#2927=AXIS2_PLACEMENT_3D('',#2924,#2925,#2926);
#2928=CYLINDRICAL_SURFACE('',#2927,1.35E1);
#2929=ORIENTED_EDGE('',*,*,#2525,.F.);
#2931=ORIENTED_EDGE('',*,*,#2930,.T.);
#2933=ORIENTED_EDGE('',*,*,#2932,.T.);
#2935=ORIENTED_EDGE('',*,*,#2934,.F.);
#2936=EDGE_LOOP('',(#2929,#2931,#2933,#2935));
#2937=FACE_OUTER_BOUND('',#2936,.F.);
#2938=ADVANCED_FACE('',(#2937),#2928,.F.);
#2939=CARTESIAN_POINT('',(1.189815887960E2,1.75E1,-1.02E2));
#2940=DIRECTION('',(0.E0,0.E0,1.E0));
#2941=DIRECTION('',(-1.E0,0.E0,0.E0));
#2942=AXIS2_PLACEMENT_3D('',#2939,#2940,#2941);
#2943=CYLINDRICAL_SURFACE('',#2942,1.35E1);
#2944=ORIENTED_EDGE('',*,*,#2527,.F.);
#2945=ORIENTED_EDGE('',*,*,#2934,.T.);
#2947=ORIENTED_EDGE('',*,*,#2946,.T.);
#2948=ORIENTED_EDGE('',*,*,#2930,.F.);
#2949=EDGE_LOOP('',(#2944,#2945,#2947,#2948));
#2950=FACE_OUTER_BOUND('',#2949,.F.);
#2951=ADVANCED_FACE('',(#2950),#2943,.F.);
#2952=CARTESIAN_POINT('',(0.E0,0.E0,-1.025E2));
#2953=DIRECTION('',(0.E0,0.E0,1.E0));
#2954=DIRECTION('',(-1.E0,0.E0,0.E0));
#2955=AXIS2_PLACEMENT_3D('',#2952,#2953,#2954);
#2956=PLANE('',#2955);
#2957=ORIENTED_EDGE('',*,*,#2932,.F.);
#2958=ORIENTED_EDGE('',*,*,#2946,.F.);
#2959=EDGE_LOOP('',(#2957,#2958));
#2960=FACE_OUTER_BOUND('',#2959,.F.);
#2962=ORIENTED_EDGE('',*,*,#2961,.T.);
#2964=ORIENTED_EDGE('',*,*,#2963,.T.);
#2965=EDGE_LOOP('',(#2962,#2964));
#2966=FACE_BOUND('',#2965,.F.);
#2967=ADVANCED_FACE('',(#2960,#2966),#2956,.T.);
#2968=CARTESIAN_POINT('',(1.189815887960E2,1.75E1,-1.02E2));
#2969=DIRECTION('',(0.E0,0.E0,1.E0));
#2970=DIRECTION('',(1.E0,0.E0,0.E0));
#2971=AXIS2_PLACEMENT_3D('',#2968,#2969,#2970);
#2972=CYLINDRICAL_SURFACE('',#2971,9.5E0);
#2973=ORIENTED_EDGE('',*,*,#2961,.F.);
#2975=ORIENTED_EDGE('',*,*,#2974,.T.);
#2976=ORIENTED_EDGE('',*,*,#1674,.T.);
#2978=ORIENTED_EDGE('',*,*,#2977,.F.);
#2979=EDGE_LOOP('',(#2973,#2975,#2976,#2978));
#2980=FACE_OUTER_BOUND('',#2979,.F.);
#2981=ADVANCED_FACE('',(#2980),#2972,.F.);
#2982=CARTESIAN_POINT('',(1.189815887960E2,1.75E1,-1.02E2));
#2983=DIRECTION('',(0.E0,0.E0,1.E0));
#2984=DIRECTION('',(1.E0,0.E0,0.E0));
#2985=AXIS2_PLACEMENT_3D('',#2982,#2983,#2984);
#2986=CYLINDRICAL_SURFACE('',#2985,9.5E0);
#2987=ORIENTED_EDGE('',*,*,#2963,.F.);
#2988=ORIENTED_EDGE('',*,*,#2977,.T.);
#2989=ORIENTED_EDGE('',*,*,#1676,.T.);
#2990=ORIENTED_EDGE('',*,*,#2974,.F.);
#2991=EDGE_LOOP('',(#2987,#2988,#2989,#2990));
#2992=FACE_OUTER_BOUND('',#2991,.F.);
#2993=ADVANCED_FACE('',(#2992),#2986,.F.);
#2994=CARTESIAN_POINT('',(2.5E1,3.E0,-8.E0));
#2995=DIRECTION('',(-1.E0,0.E0,0.E0));
#2996=DIRECTION('',(0.E0,0.E0,1.E0));
#2997=AXIS2_PLACEMENT_3D('',#2994,#2995,#2996);
#2998=PLANE('',#2997);
#2999=ORIENTED_EDGE('',*,*,#2154,.T.);
#3001=ORIENTED_EDGE('',*,*,#3000,.T.);
#3002=ORIENTED_EDGE('',*,*,#2318,.T.);
#3004=ORIENTED_EDGE('',*,*,#3003,.F.);
#3005=EDGE_LOOP('',(#2999,#3001,#3002,#3004));
#3006=FACE_OUTER_BOUND('',#3005,.F.);
#3007=ADVANCED_FACE('',(#3006),#2998,.T.);
#3008=CARTESIAN_POINT('',(3.912658223900E1,3.E0,-8.E0));
#3009=DIRECTION('',(0.E0,0.E0,-1.E0));
#3010=DIRECTION('',(-1.E0,0.E0,0.E0));
#3011=AXIS2_PLACEMENT_3D('',#3008,#3009,#3010);
#3012=PLANE('',#3011);
#3013=ORIENTED_EDGE('',*,*,#2152,.F.);
#3015=ORIENTED_EDGE('',*,*,#3014,.T.);
#3016=ORIENTED_EDGE('',*,*,#2320,.T.);
#3017=ORIENTED_EDGE('',*,*,#3000,.F.);
#3018=EDGE_LOOP('',(#3013,#3015,#3016,#3017));
#3019=FACE_OUTER_BOUND('',#3018,.F.);
#3020=ADVANCED_FACE('',(#3019),#3012,.T.);
#3021=CARTESIAN_POINT('',(3.912658223900E1,3.E0,-3.E0));
#3022=DIRECTION('',(1.E0,0.E0,0.E0));
#3023=DIRECTION('',(0.E0,0.E0,-1.E0));
#3024=AXIS2_PLACEMENT_3D('',#3021,#3022,#3023);
#3025=PLANE('',#3024);
#3026=ORIENTED_EDGE('',*,*,#2150,.F.);
#3027=ORIENTED_EDGE('',*,*,#1756,.T.);
#3028=ORIENTED_EDGE('',*,*,#2322,.T.);
#3029=ORIENTED_EDGE('',*,*,#3014,.F.);
#3030=EDGE_LOOP('',(#3026,#3027,#3028,#3029));
#3031=FACE_OUTER_BOUND('',#3030,.F.);
#3032=ADVANCED_FACE('',(#3031),#3025,.T.);
#3033=CARTESIAN_POINT('',(2.5E1,0.E0,-2.5E1));
#3034=DIRECTION('',(0.E0,1.E0,0.E0));
#3035=DIRECTION('',(1.E0,0.E0,0.E0));
#3036=AXIS2_PLACEMENT_3D('',#3033,#3034,#3035);
#3037=CYLINDRICAL_SURFACE('',#3036,2.2E1);
#3038=ORIENTED_EDGE('',*,*,#3003,.T.);
#3039=ORIENTED_EDGE('',*,*,#1752,.T.);
#3040=ORIENTED_EDGE('',*,*,#1731,.F.);
#3041=ORIENTED_EDGE('',*,*,#2262,.F.);
#3042=ORIENTED_EDGE('',*,*,#2156,.T.);
#3043=EDGE_LOOP('',(#3038,#3039,#3040,#3041,#3042));
#3044=FACE_OUTER_BOUND('',#3043,.F.);
#3045=ADVANCED_FACE('',(#3044),#3037,.F.);
#3046=CARTESIAN_POINT('',(2.8E1,3.E0,-9.1E1));
#3047=DIRECTION('',(0.E0,1.E0,0.E0));
#3048=DIRECTION('',(1.E0,0.E0,0.E0));
#3049=AXIS2_PLACEMENT_3D('',#3046,#3047,#3048);
#3050=CYLINDRICAL_SURFACE('',#3049,2.732388882446E0);
#3051=ORIENTED_EDGE('',*,*,#2199,.F.);
#3053=ORIENTED_EDGE('',*,*,#3052,.T.);
#3055=ORIENTED_EDGE('',*,*,#3054,.T.);
#3057=ORIENTED_EDGE('',*,*,#3056,.F.);
#3058=EDGE_LOOP('',(#3051,#3053,#3055,#3057));
#3059=FACE_OUTER_BOUND('',#3058,.F.);
#3060=ADVANCED_FACE('',(#3059),#3050,.T.);
#3061=CARTESIAN_POINT('',(2.8E1,3.E0,-9.1E1));
#3062=DIRECTION('',(0.E0,1.E0,0.E0));
#3063=DIRECTION('',(1.E0,0.E0,0.E0));
#3064=AXIS2_PLACEMENT_3D('',#3061,#3062,#3063);
#3065=CYLINDRICAL_SURFACE('',#3064,2.732388882446E0);
#3066=ORIENTED_EDGE('',*,*,#2201,.F.);
#3067=ORIENTED_EDGE('',*,*,#3056,.T.);
#3069=ORIENTED_EDGE('',*,*,#3068,.T.);
#3070=ORIENTED_EDGE('',*,*,#3052,.F.);
#3071=EDGE_LOOP('',(#3066,#3067,#3069,#3070));
#3072=FACE_OUTER_BOUND('',#3071,.F.);
#3073=ADVANCED_FACE('',(#3072),#3065,.T.);
#3074=CARTESIAN_POINT('',(1.26E2,7.E0,-9.4E1));
#3075=DIRECTION('',(0.E0,-1.E0,0.E0));
#3076=DIRECTION('',(-1.E0,0.E0,0.E0));
#3077=AXIS2_PLACEMENT_3D('',#3074,#3075,#3076);
#3078=PLANE('',#3077);
#3079=ORIENTED_EDGE('',*,*,#3054,.F.);
#3080=ORIENTED_EDGE('',*,*,#3068,.F.);
#3081=EDGE_LOOP('',(#3079,#3080));
#3082=FACE_OUTER_BOUND('',#3081,.F.);
#3084=ORIENTED_EDGE('',*,*,#3083,.F.);
#3086=ORIENTED_EDGE('',*,*,#3085,.F.);
#3087=EDGE_LOOP('',(#3084,#3086));
#3088=FACE_BOUND('',#3087,.F.);
#3089=ADVANCED_FACE('',(#3082,#3088),#3078,.F.);
#3090=CARTESIAN_POINT('',(1.26E2,7.E0,-9.4E1));
#3091=DIRECTION('',(0.E0,-1.E0,0.E0));
#3092=DIRECTION('',(-1.E0,0.E0,0.E0));
#3093=AXIS2_PLACEMENT_3D('',#3090,#3091,#3092);
#3094=PLANE('',#3093);
#3096=ORIENTED_EDGE('',*,*,#3095,.F.);
#3098=ORIENTED_EDGE('',*,*,#3097,.F.);
#3099=EDGE_LOOP('',(#3096,#3098));
#3100=FACE_OUTER_BOUND('',#3099,.F.);
#3102=ORIENTED_EDGE('',*,*,#3101,.F.);
#3104=ORIENTED_EDGE('',*,*,#3103,.F.);
#3105=EDGE_LOOP('',(#3102,#3104));
#3106=FACE_BOUND('',#3105,.F.);
#3107=ADVANCED_FACE('',(#3100,#3106),#3094,.F.);
#3108=CARTESIAN_POINT('',(1.26E2,7.E0,-9.4E1));
#3109=DIRECTION('',(0.E0,-1.E0,0.E0));
#3110=DIRECTION('',(-1.E0,0.E0,0.E0));
#3111=AXIS2_PLACEMENT_3D('',#3108,#3109,#3110);
#3112=PLANE('',#3111);
#3114=ORIENTED_EDGE('',*,*,#3113,.F.);
#3116=ORIENTED_EDGE('',*,*,#3115,.F.);
#3117=EDGE_LOOP('',(#3114,#3116));
#3118=FACE_OUTER_BOUND('',#3117,.F.);
#3120=ORIENTED_EDGE('',*,*,#3119,.F.);
#3122=ORIENTED_EDGE('',*,*,#3121,.F.);
#3123=EDGE_LOOP('',(#3120,#3122));
#3124=FACE_BOUND('',#3123,.F.);
#3125=ADVANCED_FACE('',(#3118,#3124),#3112,.F.);
#3126=CARTESIAN_POINT('',(1.26E2,7.E0,-9.4E1));
#3127=DIRECTION('',(0.E0,-1.E0,0.E0));
#3128=DIRECTION('',(-1.E0,0.E0,0.E0));
#3129=AXIS2_PLACEMENT_3D('',#3126,#3127,#3128);
#3130=PLANE('',#3129);
#3132=ORIENTED_EDGE('',*,*,#3131,.F.);
#3134=ORIENTED_EDGE('',*,*,#3133,.F.);
#3135=EDGE_LOOP('',(#3132,#3134));
#3136=FACE_OUTER_BOUND('',#3135,.F.);
#3138=ORIENTED_EDGE('',*,*,#3137,.F.);
#3140=ORIENTED_EDGE('',*,*,#3139,.F.);
#3141=EDGE_LOOP('',(#3138,#3140));
#3142=FACE_BOUND('',#3141,.F.);
#3143=ADVANCED_FACE('',(#3136,#3142),#3130,.F.);
#3144=CARTESIAN_POINT('',(2.8E1,3.E0,-9.1E1));
#3145=DIRECTION('',(0.E0,1.E0,0.E0));
#3146=DIRECTION('',(1.E0,0.E0,0.E0));
#3147=AXIS2_PLACEMENT_3D('',#3144,#3145,#3146);
#3148=CYLINDRICAL_SURFACE('',#3147,1.E0);
#3149=ORIENTED_EDGE('',*,*,#2097,.T.);
#3151=ORIENTED_EDGE('',*,*,#3150,.T.);
#3152=ORIENTED_EDGE('',*,*,#3083,.T.);
#3154=ORIENTED_EDGE('',*,*,#3153,.F.);
#3155=EDGE_LOOP('',(#3149,#3151,#3152,#3154));
#3156=FACE_OUTER_BOUND('',#3155,.F.);
#3157=ADVANCED_FACE('',(#3156),#3148,.F.);
#3158=CARTESIAN_POINT('',(2.8E1,3.E0,-9.1E1));
#3159=DIRECTION('',(0.E0,1.E0,0.E0));
#3160=DIRECTION('',(1.E0,0.E0,0.E0));
#3161=AXIS2_PLACEMENT_3D('',#3158,#3159,#3160);
#3162=CYLINDRICAL_SURFACE('',#3161,1.E0);
#3163=ORIENTED_EDGE('',*,*,#2099,.T.);
#3164=ORIENTED_EDGE('',*,*,#3153,.T.);
#3165=ORIENTED_EDGE('',*,*,#3085,.T.);
#3166=ORIENTED_EDGE('',*,*,#3150,.F.);
#3167=EDGE_LOOP('',(#3163,#3164,#3165,#3166));
#3168=FACE_OUTER_BOUND('',#3167,.F.);
#3169=ADVANCED_FACE('',(#3168),#3162,.F.);
#3170=CARTESIAN_POINT('',(1.21E2,3.E0,-9.1E1));
#3171=DIRECTION('',(0.E0,1.E0,0.E0));
#3172=DIRECTION('',(1.E0,0.E0,0.E0));
#3173=AXIS2_PLACEMENT_3D('',#3170,#3171,#3172);
#3174=CYLINDRICAL_SURFACE('',#3173,2.732388882446E0);
#3175=ORIENTED_EDGE('',*,*,#2205,.F.);
#3177=ORIENTED_EDGE('',*,*,#3176,.T.);
#3178=ORIENTED_EDGE('',*,*,#3095,.T.);
#3180=ORIENTED_EDGE('',*,*,#3179,.F.);
#3181=EDGE_LOOP('',(#3175,#3177,#3178,#3180));
#3182=FACE_OUTER_BOUND('',#3181,.F.);
#3183=ADVANCED_FACE('',(#3182),#3174,.T.);
#3184=CARTESIAN_POINT('',(1.21E2,3.E0,-9.1E1));
#3185=DIRECTION('',(0.E0,1.E0,0.E0));
#3186=DIRECTION('',(1.E0,0.E0,0.E0));
#3187=AXIS2_PLACEMENT_3D('',#3184,#3185,#3186);
#3188=CYLINDRICAL_SURFACE('',#3187,2.732388882446E0);
#3189=ORIENTED_EDGE('',*,*,#2207,.F.);
#3190=ORIENTED_EDGE('',*,*,#3179,.T.);
#3191=ORIENTED_EDGE('',*,*,#3097,.T.);
#3192=ORIENTED_EDGE('',*,*,#3176,.F.);
#3193=EDGE_LOOP('',(#3189,#3190,#3191,#3192));
#3194=FACE_OUTER_BOUND('',#3193,.F.);
#3195=ADVANCED_FACE('',(#3194),#3188,.T.);
#3196=CARTESIAN_POINT('',(1.21E2,3.E0,-9.1E1));
#3197=DIRECTION('',(0.E0,1.E0,0.E0));
#3198=DIRECTION('',(1.E0,0.E0,0.E0));
#3199=AXIS2_PLACEMENT_3D('',#3196,#3197,#3198);
#3200=CYLINDRICAL_SURFACE('',#3199,1.E0);
#3201=ORIENTED_EDGE('',*,*,#2109,.T.);
#3203=ORIENTED_EDGE('',*,*,#3202,.T.);
#3204=ORIENTED_EDGE('',*,*,#3101,.T.);
#3206=ORIENTED_EDGE('',*,*,#3205,.F.);
#3207=EDGE_LOOP('',(#3201,#3203,#3204,#3206));
#3208=FACE_OUTER_BOUND('',#3207,.F.);
#3209=ADVANCED_FACE('',(#3208),#3200,.F.);
#3210=CARTESIAN_POINT('',(1.21E2,3.E0,-9.1E1));
#3211=DIRECTION('',(0.E0,1.E0,0.E0));
#3212=DIRECTION('',(1.E0,0.E0,0.E0));
#3213=AXIS2_PLACEMENT_3D('',#3210,#3211,#3212);
#3214=CYLINDRICAL_SURFACE('',#3213,1.E0);
#3215=ORIENTED_EDGE('',*,*,#2111,.T.);
#3216=ORIENTED_EDGE('',*,*,#3205,.T.);
#3217=ORIENTED_EDGE('',*,*,#3103,.T.);
#3218=ORIENTED_EDGE('',*,*,#3202,.F.);
#3219=EDGE_LOOP('',(#3215,#3216,#3217,#3218));
#3220=FACE_OUTER_BOUND('',#3219,.F.);
#3221=ADVANCED_FACE('',(#3220),#3214,.F.);
#3222=CARTESIAN_POINT('',(2.8E1,3.E0,-3.3E1));
#3223=DIRECTION('',(0.E0,1.E0,0.E0));
#3224=DIRECTION('',(1.E0,0.E0,0.E0));
#3225=AXIS2_PLACEMENT_3D('',#3222,#3223,#3224);
#3226=CYLINDRICAL_SURFACE('',#3225,2.609882785487E0);
#3227=ORIENTED_EDGE('',*,*,#2211,.F.);
#3229=ORIENTED_EDGE('',*,*,#3228,.T.);
#3230=ORIENTED_EDGE('',*,*,#3113,.T.);
#3232=ORIENTED_EDGE('',*,*,#3231,.F.);
#3233=EDGE_LOOP('',(#3227,#3229,#3230,#3232));
#3234=FACE_OUTER_BOUND('',#3233,.F.);
#3235=ADVANCED_FACE('',(#3234),#3226,.T.);
#3236=CARTESIAN_POINT('',(2.8E1,3.E0,-3.3E1));
#3237=DIRECTION('',(0.E0,1.E0,0.E0));
#3238=DIRECTION('',(1.E0,0.E0,0.E0));
#3239=AXIS2_PLACEMENT_3D('',#3236,#3237,#3238);
#3240=CYLINDRICAL_SURFACE('',#3239,2.609882785487E0);
#3241=ORIENTED_EDGE('',*,*,#2213,.F.);
#3242=ORIENTED_EDGE('',*,*,#3231,.T.);
#3243=ORIENTED_EDGE('',*,*,#3115,.T.);
#3244=ORIENTED_EDGE('',*,*,#3228,.F.);
#3245=EDGE_LOOP('',(#3241,#3242,#3243,#3244));
#3246=FACE_OUTER_BOUND('',#3245,.F.);
#3247=ADVANCED_FACE('',(#3246),#3240,.T.);
#3248=CARTESIAN_POINT('',(2.8E1,3.E0,-3.3E1));
#3249=DIRECTION('',(0.E0,1.E0,0.E0));
#3250=DIRECTION('',(1.E0,0.E0,0.E0));
#3251=AXIS2_PLACEMENT_3D('',#3248,#3249,#3250);
#3252=CYLINDRICAL_SURFACE('',#3251,1.E0);
#3253=ORIENTED_EDGE('',*,*,#2121,.T.);
#3255=ORIENTED_EDGE('',*,*,#3254,.T.);
#3256=ORIENTED_EDGE('',*,*,#3119,.T.);
#3258=ORIENTED_EDGE('',*,*,#3257,.F.);
#3259=EDGE_LOOP('',(#3253,#3255,#3256,#3258));
#3260=FACE_OUTER_BOUND('',#3259,.F.);
#3261=ADVANCED_FACE('',(#3260),#3252,.F.);
#3262=CARTESIAN_POINT('',(2.8E1,3.E0,-3.3E1));
#3263=DIRECTION('',(0.E0,1.E0,0.E0));
#3264=DIRECTION('',(1.E0,0.E0,0.E0));
#3265=AXIS2_PLACEMENT_3D('',#3262,#3263,#3264);
#3266=CYLINDRICAL_SURFACE('',#3265,1.E0);
#3267=ORIENTED_EDGE('',*,*,#2123,.T.);
#3268=ORIENTED_EDGE('',*,*,#3257,.T.);
#3269=ORIENTED_EDGE('',*,*,#3121,.T.);
#3270=ORIENTED_EDGE('',*,*,#3254,.F.);
#3271=EDGE_LOOP('',(#3267,#3268,#3269,#3270));
#3272=FACE_OUTER_BOUND('',#3271,.F.);
#3273=ADVANCED_FACE('',(#3272),#3266,.F.);
#3274=CARTESIAN_POINT('',(1.21E2,3.E0,-3.3E1));
#3275=DIRECTION('',(0.E0,1.E0,0.E0));
#3276=DIRECTION('',(1.E0,0.E0,0.E0));
#3277=AXIS2_PLACEMENT_3D('',#3274,#3275,#3276);
#3278=CYLINDRICAL_SURFACE('',#3277,2.609882785487E0);
#3279=ORIENTED_EDGE('',*,*,#2217,.F.);
#3281=ORIENTED_EDGE('',*,*,#3280,.T.);
#3282=ORIENTED_EDGE('',*,*,#3131,.T.);
#3284=ORIENTED_EDGE('',*,*,#3283,.F.);
#3285=EDGE_LOOP('',(#3279,#3281,#3282,#3284));
#3286=FACE_OUTER_BOUND('',#3285,.F.);
#3287=ADVANCED_FACE('',(#3286),#3278,.T.);
#3288=CARTESIAN_POINT('',(1.21E2,3.E0,-3.3E1));
#3289=DIRECTION('',(0.E0,1.E0,0.E0));
#3290=DIRECTION('',(1.E0,0.E0,0.E0));
#3291=AXIS2_PLACEMENT_3D('',#3288,#3289,#3290);
#3292=CYLINDRICAL_SURFACE('',#3291,2.609882785487E0);
#3293=ORIENTED_EDGE('',*,*,#2219,.F.);
#3294=ORIENTED_EDGE('',*,*,#3283,.T.);
#3295=ORIENTED_EDGE('',*,*,#3133,.T.);
#3296=ORIENTED_EDGE('',*,*,#3280,.F.);
#3297=EDGE_LOOP('',(#3293,#3294,#3295,#3296));
#3298=FACE_OUTER_BOUND('',#3297,.F.);
#3299=ADVANCED_FACE('',(#3298),#3292,.T.);
#3300=CARTESIAN_POINT('',(1.21E2,3.E0,-3.3E1));
#3301=DIRECTION('',(0.E0,1.E0,0.E0));
#3302=DIRECTION('',(1.E0,0.E0,0.E0));
#3303=AXIS2_PLACEMENT_3D('',#3300,#3301,#3302);
#3304=CYLINDRICAL_SURFACE('',#3303,1.E0);
#3305=ORIENTED_EDGE('',*,*,#2133,.T.);
#3307=ORIENTED_EDGE('',*,*,#3306,.T.);
#3308=ORIENTED_EDGE('',*,*,#3137,.T.);
#3310=ORIENTED_EDGE('',*,*,#3309,.F.);
#3311=EDGE_LOOP('',(#3305,#3307,#3308,#3310));
#3312=FACE_OUTER_BOUND('',#3311,.F.);
#3313=ADVANCED_FACE('',(#3312),#3304,.F.);
#3314=CARTESIAN_POINT('',(1.21E2,3.E0,-3.3E1));
#3315=DIRECTION('',(0.E0,1.E0,0.E0));
#3316=DIRECTION('',(1.E0,0.E0,0.E0));
#3317=AXIS2_PLACEMENT_3D('',#3314,#3315,#3316);
#3318=CYLINDRICAL_SURFACE('',#3317,1.E0);
#3319=ORIENTED_EDGE('',*,*,#2135,.T.);
#3320=ORIENTED_EDGE('',*,*,#3309,.T.);
#3321=ORIENTED_EDGE('',*,*,#3139,.T.);
#3322=ORIENTED_EDGE('',*,*,#3306,.F.);
#3323=EDGE_LOOP('',(#3319,#3320,#3321,#3322));
#3324=FACE_OUTER_BOUND('',#3323,.F.);
#3325=ADVANCED_FACE('',(#3324),#3318,.F.);
#3326=CARTESIAN_POINT('',(9.E1,3.E0,-1.8E1));
#3327=DIRECTION('',(0.E0,0.E0,-1.E0));
#3328=DIRECTION('',(-1.E0,0.E0,0.E0));
#3329=AXIS2_PLACEMENT_3D('',#3326,#3327,#3328);
#3330=PLANE('',#3329);
#3331=ORIENTED_EDGE('',*,*,#2146,.F.);
#3332=ORIENTED_EDGE('',*,*,#1819,.T.);
#3333=ORIENTED_EDGE('',*,*,#1900,.T.);
#3334=ORIENTED_EDGE('',*,*,#2007,.F.);
#3335=EDGE_LOOP('',(#3331,#3332,#3333,#3334));
#3336=FACE_OUTER_BOUND('',#3335,.F.);
#3337=ADVANCED_FACE('',(#3336),#3330,.T.);
#3341=DIMENSIONAL_EXPONENTS(0.E0,0.E0,0.E0,0.E0,0.E0,0.E0,0.E0);
#3343=PLANE_ANGLE_MEASURE_WITH_UNIT(PLANE_ANGLE_MEASURE(1.745329251994E-2),
#3342);
#3344=(CONVERSION_BASED_UNIT('DEGREE',#3343)NAMED_UNIT(*)PLANE_ANGLE_UNIT());
#3346=UNCERTAINTY_MEASURE_WITH_UNIT(LENGTH_MEASURE(1.864060622823E-2),#3340,
'closure',
'Maximum model space distance between geometric entities at asserted connectivities');
#3347=(GEOMETRIC_REPRESENTATION_CONTEXT(3)GLOBAL_UNCERTAINTY_ASSIGNED_CONTEXT((
#3346))GLOBAL_UNIT_ASSIGNED_CONTEXT((#3340,#3344,#3345))REPRESENTATION_CONTEXT(
'ID1','3'));
#3349=APPLICATION_CONTEXT(
'CONFIGURATION CONTROLLED 3D DESIGNS OF MECHANICAL PARTS AND ASSEMBLIES');
#3350=APPLICATION_PROTOCOL_DEFINITION('international standard',
'config_control_design',1994,#3349);
#3351=DESIGN_CONTEXT('',#3349,'design');
#3352=MECHANICAL_CONTEXT('',#3349,'mechanical');
#3353=PRODUCT('BOX_BASE','BOX_BASE','NOT SPECIFIED',(#3352));
#3354=PRODUCT_DEFINITION_FORMATION_WITH_SPECIFIED_SOURCE('16','LAST_VERSION',
#3353,.MADE.);
#3358=PRODUCT_CATEGORY('part','');
#3359=PRODUCT_RELATED_PRODUCT_CATEGORY('detail','',(#3353));
#3360=PRODUCT_CATEGORY_RELATIONSHIP('','',#3358,#3359);
#3361=SECURITY_CLASSIFICATION_LEVEL('unclassified');
#3362=SECURITY_CLASSIFICATION('','',#3361);
#3363=CC_DESIGN_SECURITY_CLASSIFICATION(#3362,(#3354));
#3364=APPROVAL_STATUS('approved');
#3365=APPROVAL(#3364,'');
#3366=CC_DESIGN_APPROVAL(#3365,(#3362,#3354,#3355));
#3367=CALENDAR_DATE(124,8,11);
#3368=COORDINATED_UNIVERSAL_TIME_OFFSET(1,0,.AHEAD.);
#3369=LOCAL_TIME(9,33,1.1E1,#3368);
#3370=DATE_AND_TIME(#3367,#3369);
#3371=APPROVAL_DATE_TIME(#3370,#3365);
#3372=DATE_TIME_ROLE('creation_date');
#3373=CC_DESIGN_DATE_AND_TIME_ASSIGNMENT(#3370,#3372,(#3355));
#3374=DATE_TIME_ROLE('classification_date');
#3375=CC_DESIGN_DATE_AND_TIME_ASSIGNMENT(#3370,#3374,(#3362));
#3376=PERSON('UNSPECIFIED','UNSPECIFIED',$,$,$,$);
#3377=ORGANIZATION('UNSPECIFIED','UNSPECIFIED','UNSPECIFIED');
#3378=PERSON_AND_ORGANIZATION(#3376,#3377);
#3379=APPROVAL_ROLE('approver');
#3380=APPROVAL_PERSON_ORGANIZATION(#3378,#3365,#3379);
#3381=PERSON_AND_ORGANIZATION_ROLE('creator');
#3382=CC_DESIGN_PERSON_AND_ORGANIZATION_ASSIGNMENT(#3378,#3381,(#3354,#3355));
#3383=PERSON_AND_ORGANIZATION_ROLE('design_supplier');
#3384=CC_DESIGN_PERSON_AND_ORGANIZATION_ASSIGNMENT(#3378,#3383,(#3354));
#3385=PERSON_AND_ORGANIZATION_ROLE('classification_officer');
#3386=CC_DESIGN_PERSON_AND_ORGANIZATION_ASSIGNMENT(#3378,#3385,(#3362));
#3387=PERSON_AND_ORGANIZATION_ROLE('design_owner');
#3388=CC_DESIGN_PERSON_AND_ORGANIZATION_ASSIGNMENT(#3378,#3387,(#3353));
#10=CIRCLE('',#9,2.5E1);
#27=CIRCLE('',#26,2.5E1);
#36=CIRCLE('',#35,5.5E0);
#41=CIRCLE('',#40,5.5E0);
#74=CIRCLE('',#73,3.25E0);
#79=CIRCLE('',#78,3.25E0);
#84=CIRCLE('',#83,3.25E0);
#89=CIRCLE('',#88,3.25E0);
#94=CIRCLE('',#93,9.5E0);
#99=CIRCLE('',#98,9.5E0);
#116=CIRCLE('',#115,2.5E1);
#133=CIRCLE('',#132,2.5E1);
#142=CIRCLE('',#141,2.2E1);
#159=CIRCLE('',#158,2.2E1);
#164=CIRCLE('',#163,5.5E0);
#169=CIRCLE('',#168,5.5E0);
#382=CIRCLE('',#381,1.E0);
#387=CIRCLE('',#386,1.E0);
#392=CIRCLE('',#391,1.E0);
#397=CIRCLE('',#396,1.E0);
#402=CIRCLE('',#401,1.E0);
#407=CIRCLE('',#406,1.E0);
#412=CIRCLE('',#411,1.E0);
#417=CIRCLE('',#416,1.E0);
#422=CIRCLE('',#421,2.732388882446E0);
#427=CIRCLE('',#426,2.732388882446E0);
#432=CIRCLE('',#431,1.E0);
#437=CIRCLE('',#436,1.E0);
#442=CIRCLE('',#441,2.732388882446E0);
#447=CIRCLE('',#446,2.732388882446E0);
#452=CIRCLE('',#451,1.E0);
#457=CIRCLE('',#456,1.E0);
#462=CIRCLE('',#461,2.609882785487E0);
#467=CIRCLE('',#466,2.609882785487E0);
#472=CIRCLE('',#471,1.E0);
#477=CIRCLE('',#476,1.E0);
#482=CIRCLE('',#481,2.609882785487E0);
#487=CIRCLE('',#486,2.609882785487E0);
#492=CIRCLE('',#491,1.E0);
#497=CIRCLE('',#496,1.E0);
#530=CIRCLE('',#529,2.2E1);
#595=CIRCLE('',#594,2.2E1);
#652=CIRCLE('',#651,1.E0);
#657=CIRCLE('',#656,1.E0);
#662=CIRCLE('',#661,1.E0);
#667=CIRCLE('',#666,1.E0);
#672=CIRCLE('',#671,1.E0);
#677=CIRCLE('',#676,1.E0);
#682=CIRCLE('',#681,1.E0);
#687=CIRCLE('',#686,1.E0);
#804=CIRCLE('',#803,3.25E0);
#809=CIRCLE('',#808,3.25E0);
#814=CIRCLE('',#813,3.25E0);
#819=CIRCLE('',#818,3.25E0);
#824=CIRCLE('',#823,1.35E1);
#829=CIRCLE('',#828,1.35E1);
#1010=CIRCLE('',#1009,1.35E1);
#1015=CIRCLE('',#1014,1.35E1);
#1020=CIRCLE('',#1019,9.5E0);
#1029=CIRCLE('',#1028,9.5E0);
#1062=CIRCLE('',#1061,2.732388882446E0);
#1067=CIRCLE('',#1066,2.732388882446E0);
#1072=CIRCLE('',#1071,1.E0);
#1077=CIRCLE('',#1076,1.E0);
#1082=CIRCLE('',#1081,2.732388882446E0);
#1087=CIRCLE('',#1086,2.732388882446E0);
#1092=CIRCLE('',#1091,1.E0);
#1097=CIRCLE('',#1096,1.E0);
#1102=CIRCLE('',#1101,2.609882785487E0);
#1107=CIRCLE('',#1106,2.609882785487E0);
#1112=CIRCLE('',#1111,1.E0);
#1117=CIRCLE('',#1116,1.E0);
#1122=CIRCLE('',#1121,2.609882785487E0);
#1127=CIRCLE('',#1126,2.609882785487E0);
#1132=CIRCLE('',#1131,1.E0);
#1137=CIRCLE('',#1136,1.E0);
#1575=EDGE_CURVE('',#1200,#1201,#5,.T.);
#1577=EDGE_CURVE('',#1201,#1204,#10,.T.);
#1579=EDGE_CURVE('',#1204,#1205,#14,.T.);
#1581=EDGE_CURVE('',#1205,#1207,#18,.T.);
#1583=EDGE_CURVE('',#1207,#1209,#22,.T.);
#1585=EDGE_CURVE('',#1209,#1200,#27,.T.);
#1596=EDGE_CURVE('',#1200,#1212,#31,.T.);
#1598=EDGE_CURVE('',#1212,#1213,#111,.T.);
#1600=EDGE_CURVE('',#1201,#1213,#107,.T.);
#1604=EDGE_CURVE('',#1240,#1241,#36,.T.);
#1606=EDGE_CURVE('',#1241,#1240,#41,.T.);
#1617=EDGE_CURVE('',#1209,#1221,#45,.T.);
#1619=EDGE_CURVE('',#1221,#1212,#116,.T.);
#1631=EDGE_CURVE('',#1207,#1219,#49,.T.);
#1633=EDGE_CURVE('',#1219,#1221,#120,.T.);
#1645=EDGE_CURVE('',#1205,#1217,#53,.T.);
#1647=EDGE_CURVE('',#1217,#1219,#124,.T.);
#1652=EDGE_CURVE('',#1420,#1421,#57,.T.);
#1654=EDGE_CURVE('',#1421,#1423,#61,.T.);
#1656=EDGE_CURVE('',#1423,#1425,#65,.T.);
#1658=EDGE_CURVE('',#1425,#1420,#69,.T.);
#1662=EDGE_CURVE('',#1436,#1437,#74,.T.);
#1664=EDGE_CURVE('',#1437,#1436,#79,.T.);
#1668=EDGE_CURVE('',#1440,#1441,#84,.T.);
#1670=EDGE_CURVE('',#1441,#1440,#89,.T.);
#1674=EDGE_CURVE('',#1452,#1453,#94,.T.);
#1676=EDGE_CURVE('',#1453,#1452,#99,.T.);
#1687=EDGE_CURVE('',#1204,#1216,#103,.T.);
#1689=EDGE_CURVE('',#1216,#1217,#128,.T.);
#1702=EDGE_CURVE('',#1213,#1216,#133,.T.);
#1721=EDGE_CURVE('',#1224,#1225,#137,.T.);
#1723=EDGE_CURVE('',#1225,#1227,#142,.T.);
#1725=EDGE_CURVE('',#1227,#1229,#146,.T.);
#1727=EDGE_CURVE('',#1229,#1231,#150,.T.);
#1729=EDGE_CURVE('',#1231,#1233,#154,.T.);
#1731=EDGE_CURVE('',#1233,#1224,#159,.T.);
#1741=EDGE_CURVE('',#1504,#1551,#221,.T.);
#1743=EDGE_CURVE('',#1504,#1489,#611,.T.);
#1745=EDGE_CURVE('',#1489,#1496,#173,.T.);
#1747=EDGE_CURVE('',#1496,#1497,#177,.T.);
#1749=EDGE_CURVE('',#1497,#1225,#877,.T.);
#1752=EDGE_CURVE('',#1492,#1224,#181,.T.);
#1754=EDGE_CURVE('',#1492,#1493,#185,.T.);
#1756=EDGE_CURVE('',#1476,#1493,#189,.T.);
#1758=EDGE_CURVE('',#1476,#1509,#513,.T.);
#1760=EDGE_CURVE('',#1553,#1509,#341,.T.);
#1762=EDGE_CURVE('',#1549,#1553,#193,.T.);
#1764=EDGE_CURVE('',#1548,#1549,#197,.T.);
#1766=EDGE_CURVE('',#1544,#1548,#201,.T.);
#1768=EDGE_CURVE('',#1544,#1545,#205,.T.);
#1770=EDGE_CURVE('',#1551,#1545,#209,.T.);
#1774=EDGE_CURVE('',#1244,#1245,#164,.T.);
#1776=EDGE_CURVE('',#1245,#1244,#169,.T.);
#1787=EDGE_CURVE('',#1240,#1244,#213,.T.);
#1790=EDGE_CURVE('',#1241,#1245,#217,.T.);
#1813=EDGE_CURVE('',#1551,#1528,#241,.T.);
#1815=EDGE_CURVE('',#1556,#1528,#313,.T.);
#1817=EDGE_CURVE('',#1556,#1500,#309,.T.);
#1819=EDGE_CURVE('',#1505,#1500,#1197,.T.);
#1821=EDGE_CURVE('',#1504,#1505,#501,.T.);
#1832=EDGE_CURVE('',#1533,#1545,#225,.T.);
#1834=EDGE_CURVE('',#1531,#1533,#229,.T.);
#1836=EDGE_CURVE('',#1529,#1531,#233,.T.);
#1838=EDGE_CURVE('',#1528,#1529,#237,.T.);
#1850=EDGE_CURVE('',#1541,#1553,#245,.T.);
#1852=EDGE_CURVE('',#1539,#1541,#249,.T.);
#1854=EDGE_CURVE('',#1537,#1539,#253,.T.);
#1856=EDGE_CURVE('',#1536,#1537,#257,.T.);
#1858=EDGE_CURVE('',#1549,#1536,#261,.T.);
#1869=EDGE_CURVE('',#1544,#1561,#281,.T.);
#1871=EDGE_CURVE('',#1561,#1533,#265,.T.);
#1882=EDGE_CURVE('',#1556,#1557,#269,.T.);
#1884=EDGE_CURVE('',#1557,#1559,#273,.T.);
#1886=EDGE_CURVE('',#1559,#1561,#277,.T.);
#1890=EDGE_CURVE('',#1548,#1563,#285,.T.);
#1892=EDGE_CURVE('',#1563,#1565,#289,.T.);
#1894=EDGE_CURVE('',#1565,#1567,#293,.T.);
#1896=EDGE_CURVE('',#1569,#1567,#297,.T.);
#1898=EDGE_CURVE('',#1501,#1569,#301,.T.);
#1900=EDGE_CURVE('',#1500,#1501,#305,.T.);
#1914=EDGE_CURVE('',#1557,#1529,#317,.T.);
#1927=EDGE_CURVE('',#1559,#1531,#321,.T.);
#1951=EDGE_CURVE('',#1563,#1536,#325,.T.);
#1965=EDGE_CURVE('',#1565,#1537,#329,.T.);
#1978=EDGE_CURVE('',#1567,#1539,#333,.T.);
#1991=EDGE_CURVE('',#1569,#1541,#337,.T.);
#2005=EDGE_CURVE('',#1509,#1507,#509,.T.);
#2007=EDGE_CURVE('',#1507,#1501,#345,.T.);
#2017=EDGE_CURVE('',#1264,#1265,#349,.T.);
#2019=EDGE_CURVE('',#1265,#1267,#353,.T.);
#2021=EDGE_CURVE('',#1269,#1267,#357,.T.);
#2023=EDGE_CURVE('',#1264,#1269,#361,.T.);
#2033=EDGE_CURVE('',#1288,#1289,#365,.T.);
#2035=EDGE_CURVE('',#1289,#1291,#369,.T.);
#2037=EDGE_CURVE('',#1293,#1291,#373,.T.);
#2039=EDGE_CURVE('',#1288,#1293,#377,.T.);
#2049=EDGE_CURVE('',#1320,#1321,#382,.T.);
#2051=EDGE_CURVE('',#1321,#1320,#387,.T.);
#2061=EDGE_CURVE('',#1324,#1325,#392,.T.);
#2063=EDGE_CURVE('',#1325,#1324,#397,.T.);
#2073=EDGE_CURVE('',#1520,#1521,#402,.T.);
#2075=EDGE_CURVE('',#1521,#1520,#407,.T.);
#2085=EDGE_CURVE('',#1524,#1525,#412,.T.);
#2087=EDGE_CURVE('',#1525,#1524,#417,.T.);
#2097=EDGE_CURVE('',#1392,#1393,#432,.T.);
#2099=EDGE_CURVE('',#1393,#1392,#437,.T.);
#2109=EDGE_CURVE('',#1400,#1401,#452,.T.);
#2111=EDGE_CURVE('',#1401,#1400,#457,.T.);
#2121=EDGE_CURVE('',#1408,#1409,#472,.T.);
#2123=EDGE_CURVE('',#1409,#1408,#477,.T.);
#2133=EDGE_CURVE('',#1416,#1417,#492,.T.);
#2135=EDGE_CURVE('',#1417,#1416,#497,.T.);
#2146=EDGE_CURVE('',#1505,#1507,#505,.T.);
#2150=EDGE_CURVE('',#1476,#1477,#517,.T.);
#2152=EDGE_CURVE('',#1477,#1479,#521,.T.);
#2154=EDGE_CURVE('',#1481,#1479,#525,.T.);
#2156=EDGE_CURVE('',#1237,#1481,#530,.T.);
#2158=EDGE_CURVE('',#1272,#1237,#534,.T.);
#2160=EDGE_CURVE('',#1272,#1273,#538,.T.);
#2162=EDGE_CURVE('',#1273,#1275,#542,.T.);
#2164=EDGE_CURVE('',#1277,#1275,#546,.T.);
#2166=EDGE_CURVE('',#1328,#1277,#550,.T.);
#2168=EDGE_CURVE('',#1328,#1329,#554,.T.);
#2170=EDGE_CURVE('',#1331,#1329,#558,.T.);
#2172=EDGE_CURVE('',#1334,#1331,#562,.T.);
#2174=EDGE_CURVE('',#1334,#1335,#566,.T.);
#2176=EDGE_CURVE('',#1337,#1335,#570,.T.);
#2178=EDGE_CURVE('',#1280,#1337,#574,.T.);
#2180=EDGE_CURVE('',#1280,#1281,#578,.T.);
#2182=EDGE_CURVE('',#1281,#1283,#582,.T.);
#2184=EDGE_CURVE('',#1285,#1283,#586,.T.);
#2186=EDGE_CURVE('',#1235,#1285,#590,.T.);
#2188=EDGE_CURVE('',#1484,#1235,#595,.T.);
#2190=EDGE_CURVE('',#1484,#1485,#599,.T.);
#2192=EDGE_CURVE('',#1485,#1487,#603,.T.);
#2194=EDGE_CURVE('',#1489,#1487,#607,.T.);
#2199=EDGE_CURVE('',#1388,#1389,#422,.T.);
#2201=EDGE_CURVE('',#1389,#1388,#427,.T.);
#2205=EDGE_CURVE('',#1396,#1397,#442,.T.);
#2207=EDGE_CURVE('',#1397,#1396,#447,.T.);
#2211=EDGE_CURVE('',#1404,#1405,#462,.T.);
#2213=EDGE_CURVE('',#1405,#1404,#467,.T.);
#2217=EDGE_CURVE('',#1412,#1413,#482,.T.);
#2219=EDGE_CURVE('',#1413,#1412,#487,.T.);
#2230=EDGE_CURVE('',#1264,#1308,#631,.T.);
#2232=EDGE_CURVE('',#1308,#1248,#929,.T.);
#2234=EDGE_CURVE('',#1265,#1248,#957,.T.);
#2244=EDGE_CURVE('',#1347,#1349,#615,.T.);
#2246=EDGE_CURVE('',#1328,#1349,#619,.T.);
#2249=EDGE_CURVE('',#1277,#1309,#623,.T.);
#2251=EDGE_CURVE('',#1308,#1309,#627,.T.);
#2255=EDGE_CURVE('',#1269,#1305,#635,.T.);
#2257=EDGE_CURVE('',#1304,#1305,#639,.T.);
#2259=EDGE_CURVE('',#1272,#1304,#643,.T.);
#2262=EDGE_CURVE('',#1237,#1233,#1049,.T.);
#2265=EDGE_CURVE('',#1347,#1231,#647,.T.);
#2275=EDGE_CURVE('',#1353,#1341,#691,.T.);
#2277=EDGE_CURVE('',#1343,#1353,#695,.T.);
#2279=EDGE_CURVE('',#1340,#1343,#767,.T.);
#2281=EDGE_CURVE('',#1340,#1341,#837,.T.);
#2285=EDGE_CURVE('',#1316,#1317,#662,.T.);
#2287=EDGE_CURVE('',#1317,#1316,#667,.T.);
#2297=EDGE_CURVE('',#1351,#1346,#699,.T.);
#2299=EDGE_CURVE('',#1349,#1351,#703,.T.);
#2302=EDGE_CURVE('',#1346,#1347,#779,.T.);
#2306=EDGE_CURVE('',#1312,#1313,#652,.T.);
#2308=EDGE_CURVE('',#1313,#1312,#657,.T.);
#2318=EDGE_CURVE('',#1469,#1492,#707,.T.);
#2320=EDGE_CURVE('',#1468,#1469,#711,.T.);
#2322=EDGE_CURVE('',#1493,#1468,#715,.T.);
#2327=EDGE_CURVE('',#1512,#1513,#672,.T.);
#2329=EDGE_CURVE('',#1513,#1512,#677,.T.);
#2339=EDGE_CURVE('',#1473,#1496,#719,.T.);
#2341=EDGE_CURVE('',#1472,#1473,#723,.T.);
#2343=EDGE_CURVE('',#1497,#1472,#727,.T.);
#2348=EDGE_CURVE('',#1516,#1517,#682,.T.);
#2350=EDGE_CURVE('',#1517,#1516,#687,.T.);
#2361=EDGE_CURVE('',#1321,#1312,#731,.T.);
#2364=EDGE_CURVE('',#1320,#1313,#735,.T.);
#2387=EDGE_CURVE('',#1325,#1316,#739,.T.);
#2390=EDGE_CURVE('',#1324,#1317,#743,.T.);
#2413=EDGE_CURVE('',#1521,#1512,#747,.T.);
#2416=EDGE_CURVE('',#1520,#1513,#751,.T.);
#2439=EDGE_CURVE('',#1525,#1516,#755,.T.);
#2442=EDGE_CURVE('',#1524,#1517,#759,.T.);
#2465=EDGE_CURVE('',#1335,#1353,#763,.T.);
#2468=EDGE_CURVE('',#1337,#1341,#869,.T.);
#2479=EDGE_CURVE('',#1334,#1343,#771,.T.);
#2494=EDGE_CURVE('',#1331,#1346,#775,.T.);
#2499=EDGE_CURVE('',#1340,#1229,#783,.T.);
#2503=EDGE_CURVE('',#1428,#1429,#787,.T.);
#2505=EDGE_CURVE('',#1433,#1428,#791,.T.);
#2507=EDGE_CURVE('',#1431,#1433,#795,.T.);
#2509=EDGE_CURVE('',#1429,#1431,#799,.T.);
#2513=EDGE_CURVE('',#1444,#1445,#804,.T.);
#2515=EDGE_CURVE('',#1445,#1444,#809,.T.);
#2519=EDGE_CURVE('',#1448,#1449,#814,.T.);
#2521=EDGE_CURVE('',#1449,#1448,#819,.T.);
#2525=EDGE_CURVE('',#1460,#1461,#824,.T.);
#2527=EDGE_CURVE('',#1461,#1460,#829,.T.);
#2538=EDGE_CURVE('',#1329,#1351,#833,.T.);
#2565=EDGE_CURVE('',#1235,#1227,#841,.T.);
#2568=EDGE_CURVE('',#1285,#1296,#845,.T.);
#2570=EDGE_CURVE('',#1296,#1297,#849,.T.);
#2572=EDGE_CURVE('',#1288,#1297,#853,.T.);
#2575=EDGE_CURVE('',#1293,#1300,#857,.T.);
#2577=EDGE_CURVE('',#1300,#1301,#861,.T.);
#2579=EDGE_CURVE('',#1280,#1301,#865,.T.);
#2591=EDGE_CURVE('',#1484,#1497,#873,.T.);
#2608=EDGE_CURVE('',#1485,#1472,#881,.T.);
#2621=EDGE_CURVE('',#1487,#1473,#885,.T.);
#2644=EDGE_CURVE('',#1283,#1257,#889,.T.);
#2646=EDGE_CURVE('',#1257,#1296,#897,.T.);
#2658=EDGE_CURVE('',#1281,#1256,#893,.T.);
#2660=EDGE_CURVE('',#1256,#1257,#901,.T.);
#2673=EDGE_CURVE('',#1301,#1256,#905,.T.);
#2689=EDGE_CURVE('',#1261,#1300,#909,.T.);
#2691=EDGE_CURVE('',#1260,#1261,#913,.T.);
#2693=EDGE_CURVE('',#1297,#1260,#917,.T.);
#2704=EDGE_CURVE('',#1249,#1305,#921,.T.);
#2706=EDGE_CURVE('',#1248,#1249,#925,.T.);
#2710=EDGE_CURVE('',#1253,#1309,#933,.T.);
#2712=EDGE_CURVE('',#1252,#1253,#937,.T.);
#2714=EDGE_CURVE('',#1304,#1252,#941,.T.);
#2725=EDGE_CURVE('',#1291,#1261,#945,.T.);
#2738=EDGE_CURVE('',#1289,#1260,#949,.T.);
#2763=EDGE_CURVE('',#1267,#1249,#953,.T.);
#2788=EDGE_CURVE('',#1275,#1253,#961,.T.);
#2801=EDGE_CURVE('',#1273,#1252,#965,.T.);
#2826=EDGE_CURVE('',#1420,#1428,#969,.T.);
#2829=EDGE_CURVE('',#1421,#1429,#981,.T.);
#2840=EDGE_CURVE('',#1425,#1433,#973,.T.);
#2853=EDGE_CURVE('',#1423,#1431,#977,.T.);
#2878=EDGE_CURVE('',#1436,#1444,#985,.T.);
#2881=EDGE_CURVE('',#1437,#1445,#989,.T.);
#2904=EDGE_CURVE('',#1440,#1448,#993,.T.);
#2907=EDGE_CURVE('',#1441,#1449,#997,.T.);
#2930=EDGE_CURVE('',#1460,#1456,#1001,.T.);
#2932=EDGE_CURVE('',#1456,#1457,#1010,.T.);
#2934=EDGE_CURVE('',#1461,#1457,#1005,.T.);
#2946=EDGE_CURVE('',#1457,#1456,#1015,.T.);
#2961=EDGE_CURVE('',#1464,#1465,#1020,.T.);
#2963=EDGE_CURVE('',#1465,#1464,#1029,.T.);
#2974=EDGE_CURVE('',#1464,#1452,#1024,.T.);
#2977=EDGE_CURVE('',#1465,#1453,#1033,.T.);
#3000=EDGE_CURVE('',#1479,#1469,#1037,.T.);
#3003=EDGE_CURVE('',#1481,#1492,#1045,.T.);
#3014=EDGE_CURVE('',#1477,#1468,#1041,.T.);
#3052=EDGE_CURVE('',#1388,#1356,#1053,.T.);
#3054=EDGE_CURVE('',#1356,#1357,#1062,.T.);
#3056=EDGE_CURVE('',#1389,#1357,#1057,.T.);
#3068=EDGE_CURVE('',#1357,#1356,#1067,.T.);
#3083=EDGE_CURVE('',#1360,#1361,#1072,.T.);
#3085=EDGE_CURVE('',#1361,#1360,#1077,.T.);
#3095=EDGE_CURVE('',#1364,#1365,#1082,.T.);
#3097=EDGE_CURVE('',#1365,#1364,#1087,.T.);
#3101=EDGE_CURVE('',#1368,#1369,#1092,.T.);
#3103=EDGE_CURVE('',#1369,#1368,#1097,.T.);
#3113=EDGE_CURVE('',#1372,#1373,#1102,.T.);
#3115=EDGE_CURVE('',#1373,#1372,#1107,.T.);
#3119=EDGE_CURVE('',#1376,#1377,#1112,.T.);
#3121=EDGE_CURVE('',#1377,#1376,#1117,.T.);
#3131=EDGE_CURVE('',#1380,#1381,#1122,.T.);
#3133=EDGE_CURVE('',#1381,#1380,#1127,.T.);
#3137=EDGE_CURVE('',#1384,#1385,#1132,.T.);
#3139=EDGE_CURVE('',#1385,#1384,#1137,.T.);
#3150=EDGE_CURVE('',#1393,#1360,#1141,.T.);
#3153=EDGE_CURVE('',#1392,#1361,#1145,.T.);
#3176=EDGE_CURVE('',#1396,#1364,#1149,.T.);
#3179=EDGE_CURVE('',#1397,#1365,#1153,.T.);
#3202=EDGE_CURVE('',#1401,#1368,#1157,.T.);
#3205=EDGE_CURVE('',#1400,#1369,#1161,.T.);
#3228=EDGE_CURVE('',#1404,#1372,#1165,.T.);
#3231=EDGE_CURVE('',#1405,#1373,#1169,.T.);
#3254=EDGE_CURVE('',#1409,#1376,#1173,.T.);
#3257=EDGE_CURVE('',#1408,#1377,#1177,.T.);
#3280=EDGE_CURVE('',#1412,#1380,#1181,.T.);
#3283=EDGE_CURVE('',#1413,#1381,#1185,.T.);
#3306=EDGE_CURVE('',#1417,#1384,#1189,.T.);
#3309=EDGE_CURVE('',#1416,#1385,#1193,.T.);
#3338=CLOSED_SHELL('',(#1589,#1610,#1624,#1638,#1680,#1694,#1707,#1735,#1780,
#1794,#1806,#1825,#1843,#1862,#1876,#1905,#1918,#1931,#1943,#1956,#1969,#1982,
#1995,#2011,#2027,#2043,#2055,#2067,#2079,#2091,#2103,#2115,#2127,#2139,#2223,
#2238,#2269,#2291,#2312,#2333,#2354,#2368,#2380,#2394,#2406,#2420,#2432,#2446,
#2458,#2472,#2485,#2531,#2544,#2556,#2585,#2599,#2612,#2625,#2637,#2651,#2665,
#2678,#2697,#2718,#2731,#2744,#2756,#2769,#2781,#2794,#2807,#2819,#2833,#2846,
#2859,#2871,#2885,#2897,#2911,#2923,#2938,#2951,#2967,#2981,#2993,#3007,#3020,
#3032,#3045,#3060,#3073,#3089,#3107,#3125,#3143,#3157,#3169,#3183,#3195,#3209,
#3221,#3235,#3247,#3261,#3273,#3287,#3299,#3313,#3325,#3337));
#3339=MANIFOLD_SOLID_BREP('',#3338);
#3340=(LENGTH_UNIT()NAMED_UNIT(*)SI_UNIT(.MILLI.,.METRE.));
#3342=(NAMED_UNIT(*)PLANE_ANGLE_UNIT()SI_UNIT($,.RADIAN.));
#3345=(NAMED_UNIT(*)SI_UNIT($,.STERADIAN.)SOLID_ANGLE_UNIT());
#3348=ADVANCED_BREP_SHAPE_REPRESENTATION('',(#3339),#3347);
#3355=PRODUCT_DEFINITION('design','',#3354,#3351);
#3356=PRODUCT_DEFINITION_SHAPE('','SHAPE FOR BOX_BASE.',#3355);
#3357=SHAPE_DEFINITION_REPRESENTATION(#3356,#3348);
ENDSEC;
END-ISO-10303-21;
